Text,Sentiment,Timestamp,User,Platform,Hashtags,Retweets,Likes,Country,Year,Month,Day,Hour,Sentiment_Group,Total_Engagement,Hashtag_List,Hashtag_Count,Word_Count,Character_Count,Continent
Enjoying a beautiful day at the park!,Positive,2023-01-15 12:30:00,User123,Twitter,#Nature #Park,15.0,30.0,USA,2023,1,15,12,Happiness & Joy,45.0,"['#nature', '#park']",2,7,37,North America
Traffic was terrible this morning.,Negative,2023-01-15 08:45:00,CommuterX,Twitter,#Traffic #Morning,5.0,10.0,Canada,2023,1,15,8,Sadness & Loss,15.0,"['#traffic', '#morning']",2,5,34,North America
Just finished an amazing workout! 💪,Positive,2023-01-15 15:45:00,FitnessFan,Instagram,#Fitness #Workout,20.0,40.0,USA,2023,1,15,15,Happiness & Joy,60.0,"['#fitness', '#workout']",2,6,35,North America
Excited about the upcoming weekend getaway!,Positive,2023-01-15 18:20:00,AdventureX,Facebook,#Travel #Adventure,8.0,15.0,UK,2023,1,15,18,Happiness & Joy,23.0,"['#travel', '#adventure']",2,6,43,Europe
Trying out a new recipe for dinner tonight.,Neutral,2023-01-15 19:55:00,ChefCook,Instagram,#Cooking #Food,12.0,25.0,Australia,2023,1,15,19,Neutral / General,37.0,"['#cooking', '#food']",2,8,43,Oceania
Feeling grateful for the little things in life.,Positive,2023-01-16 09:10:00,GratitudeNow,Twitter,#Gratitude #PositiveVibes,25.0,50.0,India,2023,1,16,9,Happiness & Joy,75.0,"['#gratitude', '#positivevibes']",2,8,47,Asia
Rainy days call for cozy blankets and hot cocoa.,Positive,2023-01-16 14:45:00,RainyDays,Facebook,#RainyDays #Cozy,10.0,20.0,Canada,2023,1,16,14,Happiness & Joy,30.0,"['#rainydays', '#cozy']",2,9,48,North America
The new movie release is a must-watch!,Positive,2023-01-16 19:30:00,MovieBuff,Instagram,#MovieNight #MustWatch,15.0,30.0,USA,2023,1,16,19,Happiness & Joy,45.0,"['#movienight', '#mustwatch']",2,7,38,North America
Political discussions heating up on the timeline.,Negative,2023-01-17 08:00:00,DebateTalk,Twitter,#Politics #Debate,30.0,60.0,USA,2023,1,17,8,Sadness & Loss,90.0,"['#politics', '#debate']",2,7,49,North America
Missing summer vibes and beach days.,Neutral,2023-01-17 12:20:00,BeachLover,Facebook,#Summer #BeachDays,18.0,35.0,Australia,2023,1,17,12,Neutral / General,53.0,"['#summer', '#beachdays']",2,6,36,Oceania
Just published a new blog post. Check it out!,Positive,2023-01-17 15:15:00,BloggerX,Instagram,#Blogging #NewPost,22.0,45.0,USA,2023,1,17,15,Happiness & Joy,67.0,"['#blogging', '#newpost']",2,9,45,North America
Feeling a bit under the weather today.,Negative,2023-01-18 10:30:00,WellnessCheck,Twitter,#SickDay #Health,7.0,15.0,Canada,2023,1,18,10,Sadness & Loss,22.0,"['#sickday', '#health']",2,7,38,North America
Exploring the city's hidden gems.,Positive,2023-01-18 14:50:00,UrbanExplorer,Facebook,#CityExplore #HiddenGems,12.0,25.0,UK,2023,1,18,14,Happiness & Joy,37.0,"['#cityexplore', '#hiddengems']",2,5,33,Europe
"New year, new fitness goals! 💪",Positive,2023-01-18 18:00:00,FitJourney,Instagram,#NewYear #FitnessGoals,28.0,55.0,USA,2023,1,18,18,Happiness & Joy,83.0,"['#newyear', '#fitnessgoals']",2,6,30,North America
Technology is changing the way we live.,Neutral,2023-01-19 09:45:00,TechEnthusiast,Twitter,#Tech #Innovation,15.0,30.0,India,2023,1,19,9,Neutral / General,45.0,"['#tech', '#innovation']",2,7,39,Asia
Reflecting on the past and looking ahead.,Positive,2023-01-19 13:20:00,Reflections,Facebook,#Reflection #Future,20.0,40.0,USA,2023,1,19,13,Happiness & Joy,60.0,"['#reflection', '#future']",2,7,41,North America
Just adopted a cute furry friend! 🐾,Positive,2023-01-19 17:10:00,PetAdopter,Instagram,#PetAdoption #FurryFriend,15.0,30.0,Canada,2023,1,19,17,Happiness & Joy,45.0,"['#petadoption', '#furryfriend']",2,7,35,North America
Late-night gaming session with friends.,Positive,2023-01-20 00:05:00,GamerX,Twitter,#Gaming #LateNight,18.0,35.0,UK,2023,1,20,0,Happiness & Joy,53.0,"['#gaming', '#latenight']",2,5,39,Europe
Attending a virtual conference on AI.,Neutral,2023-01-20 11:30:00,TechConference,Facebook,#AI #TechConference,25.0,50.0,USA,2023,1,20,11,Neutral / General,75.0,"['#ai', '#techconference']",2,6,37,North America
Winter blues got me feeling low.,Negative,2023-01-20 15:15:00,WinterBlues,Instagram,#WinterBlues #Mood,8.0,15.0,USA,2023,1,20,15,Sadness & Loss,23.0,"['#winterblues', '#mood']",2,6,32,North America
Sipping coffee and enjoying a good book.,Positive,2023-01-21 08:40:00,Bookworm,Twitter,#Reading #CoffeeTime,22.0,45.0,India,2023,1,21,8,Happiness & Joy,67.0,"['#reading', '#coffeetime']",2,7,40,Asia
Exploring the world of virtual reality.,Positive,2023-01-21 13:20:00,VRExplorer,Facebook,#VR #VirtualReality,15.0,30.0,USA,2023,1,21,13,Happiness & Joy,45.0,"['#vr', '#virtualreality']",2,6,39,North America
Productive day ticking off my to-do list.,Positive,2023-01-21 16:45:00,ProductivityPro,Instagram,#Productivity #WorkFromHome,30.0,60.0,USA,2023,1,21,16,Happiness & Joy,90.0,"['#productivity', '#workfromhome']",2,7,41,North America
Just finished a challenging workout routine.,Positive,2023-01-22 09:15:00,FitnessWarrior,Twitter,#Fitness #ChallengeAccepted,20.0,40.0,UK,2023,1,22,9,Happiness & Joy,60.0,"['#fitness', '#challengeaccepted']",2,6,44,Europe
Celebrating a milestone at work! 🎉,Positive,2023-01-22 14:30:00,CareerMilestone,Facebook,#Career #Milestone,12.0,25.0,Canada,2023,1,22,14,Happiness & Joy,37.0,"['#career', '#milestone']",2,6,34,North America
Sunday brunch with friends.,Positive,2023-01-22 12:00:00,BrunchBuddy,Instagram,#Brunch #Friends,15.0,30.0,UK,2023,1,22,12,Happiness & Joy,45.0,"['#brunch', '#friends']",2,4,27,Europe
Learning a new language for personal growth.,Positive,2023-01-23 16:20:00,LanguageLearner,Facebook,#LanguageLearning #PersonalGrowth,25.0,50.0,India,2023,1,23,16,Happiness & Joy,75.0,"['#languagelearning', '#personalgrowth']",2,7,44,Asia
Quiet evening with a good book.,Positive,2023-01-23 19:45:00,BookLover,Instagram,#Reading #QuietTime,15.0,30.0,Australia,2023,1,23,19,Happiness & Joy,45.0,"['#reading', '#quiettime']",2,6,31,Oceania
Reflecting on the importance of mental health.,Positive,2023-01-24 11:30:00,MentalHealthMatters,Twitter,#MentalHealth #SelfCare,22.0,45.0,USA,2023,1,24,11,Happiness & Joy,67.0,"['#mentalhealth', '#selfcare']",2,7,46,North America
New painting in progress! 🎨,Positive,2023-01-24 15:00:00,ArtistInAction,Facebook,#Art #PaintingInProgress,12.0,25.0,Canada,2023,1,24,15,Happiness & Joy,37.0,"['#art', '#paintinginprogress']",2,5,27,North America
Weekend road trip to explore scenic views.,Positive,2023-01-24 17:30:00,RoadTripper,Instagram,#RoadTrip #ScenicViews,18.0,35.0,UK,2023,1,24,17,Happiness & Joy,53.0,"['#roadtrip', '#scenicviews']",2,7,42,Europe
Enjoying a cup of tea and watching the sunset.,Positive,2023-01-25 18:00:00,SunsetWatcher,Twitter,#TeaTime #Sunset,15.0,30.0,India,2023,1,25,18,Happiness & Joy,45.0,"['#teatime', '#sunset']",2,9,46,Asia
Coding a new project with enthusiasm.,Positive,2023-01-25 13:15:00,CodeEnthusiast,Facebook,#Coding #Enthusiasm,30.0,60.0,USA,2023,1,25,13,Happiness & Joy,90.0,"['#coding', '#enthusiasm']",2,6,37,North America
Feeling inspired after attending a workshop.,Positive,2023-01-26 09:45:00,WorkshopAttendee,Instagram,#Inspiration #Workshop,25.0,50.0,USA,2023,1,26,9,Happiness & Joy,75.0,"['#inspiration', '#workshop']",2,6,44,North America
Winter sports day at the local park.,Positive,2023-01-26 14:20:00,WinterSports,Twitter,#WinterSports #Fun,15.0,30.0,Canada,2023,1,26,14,Happiness & Joy,45.0,"['#wintersports', '#fun']",2,7,36,North America
Quality time with family this weekend.,Positive,2023-01-26 17:40:00,FamilyTime,Facebook,#FamilyTime #Weekend,22.0,45.0,UK,2023,1,26,17,Happiness & Joy,67.0,"['#familytime', '#weekend']",2,6,38,Europe
Attending a live music concert tonight.,Positive,2023-01-27 20:00:00,MusicLover,Instagram,#Music #ConcertNight,18.0,35.0,USA,2023,1,27,20,Happiness & Joy,53.0,"['#music', '#concertnight']",2,6,39,North America
Practicing mindfulness with meditation.,Positive,2023-01-27 12:30:00,MindfulMoments,Twitter,#Mindfulness #Meditation,15.0,30.0,India,2023,1,27,12,Happiness & Joy,45.0,"['#mindfulness', '#meditation']",2,4,39,Asia
Trying out a new dessert recipe.,Positive,2023-01-27 16:10:00,DessertExplorer,Facebook,#Dessert #Cooking,12.0,25.0,Canada,2023,1,27,16,Happiness & Joy,37.0,"['#dessert', '#cooking']",2,6,32,North America
Excited about the upcoming gaming tournament.,Positive,2023-01-28 09:00:00,GamingEnthusiast,Instagram,#Gaming #Tournament,30.0,60.0,USA,2023,1,28,9,Happiness & Joy,90.0,"['#gaming', '#tournament']",2,6,45,North America
Planning a garden makeover for spring.,Positive,2023-01-28 14:45:00,GardenPlanner,Twitter,#Gardening #Spring,25.0,50.0,USA,2023,1,28,14,Happiness & Joy,75.0,"['#gardening', '#spring']",2,6,38,North America
Celebrating a friend's birthday tonight! 🎂,Positive,2023-01-28 19:30:00,BirthdayBash,Facebook,#Birthday #Celebration,15.0,30.0,UK,2023,1,28,19,Happiness & Joy,45.0,"['#birthday', '#celebration']",2,6,42,Europe
Feeling accomplished after a productive day.,Positive,2023-01-29 17:00:00,ProductivityWin,Instagram,#Accomplished #Success,22.0,45.0,India,2023,1,29,17,Happiness & Joy,67.0,"['#accomplished', '#success']",2,6,44,Asia
A cozy evening with a good movie.,Positive,2023-01-29 20:20:00,MovieNight,Twitter,#CozyNight #MovieTime,18.0,35.0,Canada,2023,1,29,20,Happiness & Joy,53.0,"['#cozynight', '#movietime']",2,7,33,North America
Exploring local art galleries this weekend.,Positive,2023-01-30 11:30:00,ArtExplorer,Facebook,#Art #GalleryExplore,15.0,30.0,USA,2023,1,30,11,Happiness & Joy,45.0,"['#art', '#galleryexplore']",2,6,43,North America
New book release from my favorite author!,Positive,2023-01-30 15:45:00,BookwormX,Instagram,#BookRelease #FavoriteAuthor,12.0,25.0,UK,2023,1,30,15,Happiness & Joy,37.0,"['#bookrelease', '#favoriteauthor']",2,7,41,Europe
Attending a virtual reality meetup.,Positive,2023-01-30 18:30:00,VRMeetup,Twitter,#VRMeetup #VirtualReality,28.0,55.0,India,2023,1,30,18,Happiness & Joy,83.0,"['#vrmeetup', '#virtualreality']",2,5,35,Asia
Reflecting on the beauty of nature.,Positive,2023-01-31 10:45:00,NatureLover,Facebook,#Nature #Reflection,15.0,30.0,Australia,2023,1,31,10,Happiness & Joy,45.0,"['#nature', '#reflection']",2,6,35,Oceania
Cooking a special dinner for loved ones.,Positive,2023-01-31 19:00:00,ChefAtHome,Instagram,#Cooking #SpecialDinner,20.0,40.0,USA,2023,1,31,19,Happiness & Joy,60.0,"['#cooking', '#specialdinner']",2,7,40,North America
Feeling optimistic about the week ahead.,Positive,2023-01-31 16:20:00,OptimisticMindset,Twitter,#Optimism #NewWeek,15.0,30.0,Canada,2023,1,31,16,Happiness & Joy,45.0,"['#optimism', '#newweek']",2,6,40,North America
Starting a new fitness challenge tomorrow! 💪,Positive,2023-02-01 08:00:00,FitnessChallenge,Facebook,#FitnessChallenge #NewBeginnings,22.0,45.0,UK,2023,2,1,8,Happiness & Joy,67.0,"['#fitnesschallenge', '#newbeginnings']",2,7,44,Europe
Sunday bike ride through scenic trails.,Positive,2023-02-01 13:30:00,BikeExplorer,Instagram,#BikeRide #ScenicTrails,18.0,35.0,USA,2023,2,1,13,Happiness & Joy,53.0,"['#bikeride', '#scenictrails']",2,6,39,North America
Can't believe the injustice happening in our society.,Anger,2023-02-11 09:30:00,SocialJustice,Twitter,#Injustice #Angry,20.0,40.0,Canada,2023,2,11,9,Anger & Resentment,60.0,"['#injustice', '#angry']",2,8,53,North America
Feeling a sense of fear after watching a thriller movie.,Fear,2023-02-11 21:15:00,ThrillerFan,Instagram,#Fear #ThrillerMovie,15.0,30.0,USA,2023,2,11,21,Fear & Anxiety,45.0,"['#fear', '#thrillermovie']",2,10,56,North America
Heartbroken after hearing the news about a natural disaster.,Sadness,2023-02-12 14:45:00,EmpathyFirst,Facebook,#Sadness #NaturalDisaster,25.0,50.0,India,2023,2,12,14,Sadness & Loss,75.0,"['#sadness', '#naturaldisaster']",2,9,60,Asia
The state of the world's environment is just disgusting.,Disgust,2023-02-12 18:20:00,EcoAwareness,Twitter,#Disgust #Environment,18.0,35.0,UK,2023,2,12,18,Anger & Resentment,53.0,"['#disgust', '#environment']",2,9,56,Europe
Pure happiness: celebrating a loved one's achievement!,Happiness,2023-02-13 10:00:00,ProudFriend,Instagram,#Happiness #Celebration,30.0,60.0,USA,2023,2,13,10,Happiness & Joy,90.0,"['#happiness', '#celebration']",2,7,54,North America
Laughter is the best medicine—enjoying a comedy show.,Joy,2023-02-13 19:30:00,ComedyFan,Facebook,#Joy #ComedyShow,22.0,45.0,Canada,2023,2,13,19,Happiness & Joy,67.0,"['#joy', '#comedyshow']",2,8,53,North America
Sharing love and positive vibes with everyone! ❤️,Love,2023-02-14 08:30:00,LoveSpreader,Twitter,#Love #SpreadLove,15.0,30.0,Australia,2023,2,14,8,Love & Affection,45.0,"['#love', '#spreadlove']",2,8,49,Oceania
An amusing incident brightened up my day!,Amusement,2023-02-14 14:20:00,AmusedSoul,Instagram,#Amusement #FunTimes,18.0,35.0,UK,2023,2,14,14,Happiness & Joy,53.0,"['#amusement', '#funtimes']",2,7,41,Europe
Enjoying a quiet evening with a book and some tea.,Enjoyment,2023-02-14 19:45:00,BookLoverAgain,Facebook,#Enjoyment #BookTime,25.0,50.0,Canada,2023,2,14,19,Happiness & Joy,75.0,"['#enjoyment', '#booktime']",2,10,50,North America
Admiring the beauty of nature during a peaceful hike.,Admiration,2023-02-15 11:30:00,NatureAdmirer,Twitter,#Admiration #Nature,20.0,40.0,USA,2023,2,15,11,Admiration & Awe,60.0,"['#admiration', '#nature']",2,9,53,North America
Sending affectionate vibes to all my followers!,Affection,2023-02-15 16:00:00,AffectionSender,Instagram,#Affection #PositiveVibes,15.0,30.0,USA,2023,2,15,16,Love & Affection,45.0,"['#affection', '#positivevibes']",2,7,47,North America
Experiencing awe at the breathtaking sunset.,Awe,2023-02-15 20:30:00,AweStruck,Facebook,#Awe #Breathtaking,22.0,45.0,Australia,2023,2,15,20,Admiration & Awe,67.0,"['#awe', '#breathtaking']",2,6,44,Oceania
Disappointed with the service at a local restaurant.,Disappointed,2023-02-16 09:00:00,FoodieGoneWrong,Twitter,#Disappointed #BadService,18.0,35.0,India,2023,2,16,9,Disappointment & Regret,53.0,"['#disappointed', '#badservice']",2,8,52,Asia
A surprise gift from a friend made my day!,Surprise,2023-02-16 14:45:00,HappySurprise,Instagram,#Surprise #Gift,25.0,50.0,USA,2023,2,16,14,Surprise & Wonder,75.0,"['#surprise', '#gift']",2,9,42,North America
Finding acceptance in the midst of life's challenges.,Acceptance,2023-02-16 18:20:00,AcceptanceSeeker,Facebook,#Acceptance #Challenges,15.0,30.0,Canada,2023,2,16,18,Hope & Optimism,45.0,"['#acceptance', '#challenges']",2,8,53,North America
Overflowing with adoration for my adorable pet! 🐾,Adoration,2023-02-17 10:45:00,PetAdorer,Twitter,#Adoration #PetLove,22.0,45.0,UK,2023,2,17,10,Love & Affection,67.0,"['#adoration', '#petlove']",2,8,49,Europe
Anticipating a thrilling adventure in the coming weeks.,Anticipation,2023-02-17 07:30:00,AdventureAwaits,Instagram,#Anticipation #Adventure,20.0,40.0,USA,2023,2,17,7,Hope & Optimism,60.0,"['#anticipation', '#adventure']",2,8,55,North America
A bitter experience turned into a valuable lesson.,Bitter,2023-02-17 15:00:00,LearnFromBitter,Facebook,#BitterLesson #Growth,18.0,35.0,USA,2023,2,17,15,Anger & Resentment,53.0,"['#bitterlesson', '#growth']",2,8,50,North America
Finding calmness in the midst of a busy day.,Calmness,2023-02-18 09:30:00,ZenMaster,Twitter,#Calmness #PeacefulMind,15.0,30.0,India,2023,2,18,9,Calm & Peace,45.0,"['#calmness', '#peacefulmind']",2,9,44,Asia
Confusion clouds my mind as I navigate through decisions.,Confusion,2023-02-18 14:20:00,ConfusedMind,Instagram,#Confusion #DecisionMaking,25.0,50.0,UK,2023,2,18,14,Curiosity & Reflection,75.0,"['#confusion', '#decisionmaking']",2,9,57,Europe
Excitement building up for the upcoming vacation!,Excitement,2023-02-18 18:45:00,VacationDreamer,Facebook,#Excitement #TravelPlans,22.0,45.0,Canada,2023,2,18,18,Happiness & Joy,67.0,"['#excitement', '#travelplans']",2,7,49,North America
Kindness witnessed today restored my faith in humanity.,Kind,2023-02-19 11:30:00,KindnessPrevails,Twitter,#Kindness #Humanity,20.0,40.0,USA,2023,2,19,11,Love & Affection,60.0,"['#kindness', '#humanity']",2,8,55,North America
Pride in achieving a personal milestone.,Pride,2023-02-19 16:00:00,PersonalAchiever,Instagram,#Pride #Milestone,30.0,60.0,Australia,2023,2,19,16,Confidence & Achievement,90.0,"['#pride', '#milestone']",2,6,40,Oceania
A moment of shame for not standing up against injustice.,Shame,2023-02-19 19:45:00,ReflectiveSelf,Facebook,#Shame #Injustice,15.0,30.0,India,2023,2,19,19,Shame & Embarrassment,45.0,"['#shame', '#injustice']",2,10,56,Asia
Fuming with anger after a heated argument.,Anger,2023-02-20 09:30:00,AngryDebater,Twitter,#Anger #Argument,20.0,40.0,Canada,2023,2,20,9,Anger & Resentment,60.0,"['#anger', '#argument']",2,7,42,North America
The fear of the unknown is keeping me up at night.,Fear,2023-02-20 21:15:00,FearfulDreamer,Instagram,#Fear #Unknown,15.0,30.0,USA,2023,2,20,21,Fear & Anxiety,45.0,"['#fear', '#unknown']",2,11,50,North America
Heartfelt sadness after bidding farewell to a dear friend.,Sadness,2023-02-21 14:45:00,FarewellHeart,Facebook,#Sadness #Farewell,25.0,50.0,India,2023,2,21,14,Sadness & Loss,75.0,"['#sadness', '#farewell']",2,9,58,Asia
The state of corruption in our society is utterly disgusting.,Disgust,2023-02-21 18:20:00,AntiCorruption,Twitter,#Disgust #Corruption,18.0,35.0,UK,2023,2,21,18,Anger & Resentment,53.0,"['#disgust', '#corruption']",2,10,61,Europe
Overflowing happiness: welcoming a new family member!,Happiness,2023-02-22 10:00:00,NewParentJoy,Instagram,#Happiness #NewFamilyMember,30.0,60.0,UK,2023,2,22,10,Happiness & Joy,90.0,"['#happiness', '#newfamilymember']",2,7,53,Europe
Laughter is the key to joy—attending a stand-up comedy show.,Joy,2023-02-22 19:30:00,StandUpFan,Facebook,#Joy #StandUpComedy,22.0,45.0,Canada,2023,2,22,19,Happiness & Joy,67.0,"['#joy', '#standupcomedy']",2,10,60,North America
Sending love to all my followers on this beautiful day! ❤️,Love,2023-02-23 08:30:00,LoveSender,Twitter,#Love #SpreadLove,15.0,30.0,Australia,2023,2,23,8,Love & Affection,45.0,"['#love', '#spreadlove']",2,11,58,Oceania
Amused by the antics of my pet—it's pure amusement!,Amusement,2023-02-23 14:20:00,PetAmuser,Instagram,#Amusement #PetAntics,18.0,35.0,UK,2023,2,23,14,Happiness & Joy,53.0,"['#amusement', '#petantics']",2,9,51,Europe
Enjoying every moment of this trip—pure enjoyment!,Enjoyment,2023-02-23 19:45:00,TravelExplorer,Facebook,#Enjoyment #Travel,25.0,50.0,USA,2023,2,23,19,Happiness & Joy,75.0,"['#enjoyment', '#travel']",2,7,50,North America
Admiring the dedication of volunteers at a local charity.,Admiration,2023-02-24 11:30:00,CharityAdmirer,Twitter,#Admiration #Volunteers,20.0,40.0,USA,2023,2,24,11,Admiration & Awe,60.0,"['#admiration', '#volunteers']",2,9,57,North America
Sending affectionate vibes to friends and family.,Affection,2023-02-24 16:00:00,FamilyLover,Instagram,#Affection #FamilyLove,15.0,30.0,USA,2023,2,24,16,Love & Affection,45.0,"['#affection', '#familylove']",2,7,49,North America
Awe-struck by the beauty of the night sky.,Awe,2023-02-24 20:30:00,Stargazer,Facebook,#Awe #StarryNight,22.0,45.0,Australia,2023,2,24,20,Admiration & Awe,67.0,"['#awe', '#starrynight']",2,8,42,Oceania
Disappointed with the lack of progress in a personal project.,Disappointed,2023-02-25 09:00:00,ProjectStruggle,Twitter,#Disappointed #Project,18.0,35.0,India,2023,2,25,9,Disappointment & Regret,53.0,"['#disappointed', '#project']",2,10,61,Asia
A surprise visit from an old friend brought tears of joy.,Surprise,2023-02-25 14:45:00,JoyfulReunion,Instagram,#Surprise #OldFriends,25.0,50.0,USA,2023,2,25,14,Surprise & Wonder,75.0,"['#surprise', '#oldfriends']",2,11,57,North America
Embracing acceptance of life's ups and downs.,Acceptance,2023-02-25 18:20:00,LifeAcceptance,Facebook,#Acceptance #LifeJourney,15.0,30.0,Canada,2023,2,25,18,Hope & Optimism,45.0,"['#acceptance', '#lifejourney']",2,7,45,North America
Overflowing adoration for a cute rescue puppy! 🐶,Adoration,2023-02-26 10:45:00,PuppyAdmirer,Twitter,#Adoration #PuppyLove,22.0,45.0,UK,2023,2,26,10,Love & Affection,67.0,"['#adoration', '#puppylove']",2,8,48,Europe
Anticipating the release of a much-awaited movie.,Anticipation,2023-02-26 07:30:00,MovieBuff2,Instagram,#Anticipation #MovieRelease,20.0,40.0,Australia,2023,2,26,7,Hope & Optimism,60.0,"['#anticipation', '#movierelease']",2,7,49,Oceania
Bitter experience at the customer service department.,Bitter,2023-02-26 15:00:00,CustomerWoes,Facebook,#BitterExperience #CustomerService,18.0,35.0,USA,2023,2,26,15,Anger & Resentment,53.0,"['#bitterexperience', '#customerservice']",2,7,53,North America
Finding calmness amidst the chaos of daily life.,Calmness,2023-02-27 09:30:00,CalmSoul,Twitter,#Calmness #InnerPeace,15.0,30.0,India,2023,2,27,9,Calm & Peace,45.0,"['#calmness', '#innerpeace']",2,8,48,Asia
Confusion reigns as I try to make sense of recent events.,Confusion,2023-02-27 14:20:00,ConfusedMind2,Instagram,#Confusion #MakingSense,25.0,50.0,UK,2023,2,27,14,Curiosity & Reflection,75.0,"['#confusion', '#makingsense']",2,11,57,Europe
Excitement building up for a surprise birthday party.,Excitement,2023-02-27 18:45:00,BirthdayExcite,Facebook,#Excitement #SurpriseParty,22.0,45.0,Canada,2023,2,27,18,Happiness & Joy,67.0,"['#excitement', '#surpriseparty']",2,8,53,North America
Witnessed an act of kindness that made my day.,Kind,2023-02-28 11:30:00,KindnessObserver,Twitter,#Kindness #ActsOfKindness,20.0,40.0,USA,2023,2,28,11,Love & Affection,60.0,"['#kindness', '#actsofkindness']",2,9,46,North America
Pride in completing a challenging fitness challenge.,Pride,2023-02-28 16:00:00,FitAchiever,Instagram,#Pride #FitnessChallengeCompleted,30.0,60.0,UK,2023,2,28,16,Confidence & Achievement,90.0,"['#pride', '#fitnesschallengecompleted']",2,7,52,Europe
A moment of shame for not speaking up against injustice.,Shame,2023-02-28 19:45:00,ReflectiveSelf2,Facebook,#Shame #Injustice,15.0,30.0,India,2023,2,28,19,Shame & Embarrassment,45.0,"['#shame', '#injustice']",2,10,56,Asia
Reflecting on the beauty of diversity in our world.,Acceptance,2023-03-01 10:45:00,DiversityLover,Twitter,#Acceptance #Diversity,22.0,45.0,Australia,2023,3,1,10,Hope & Optimism,67.0,"['#acceptance', '#diversity']",2,9,51,Oceania
Excitement for a quiet evening with a good book.,Excitement,2023-03-01 13:30:00,BookwormJoy,Instagram,#Excitement #BookTime,18.0,35.0,USA,2023,3,1,13,Happiness & Joy,53.0,"['#excitement', '#booktime']",2,9,48,North America
Feeling bitter about the unfairness in the workplace.,Bitter,2023-03-01 17:45:00,WorkplaceWoes,Twitter,#Bitter #Unfairness,15.0,30.0,Canada,2023,3,1,17,Anger & Resentment,45.0,"['#bitter', '#unfairness']",2,8,53,North America
Calmness prevails as I practice mindfulness.,Calmness,2023-03-02 18:00:00,MindfulMe,Facebook,#Calmness #Mindfulness,15.0,30.0,UK,2023,3,2,18,Calm & Peace,45.0,"['#calmness', '#mindfulness']",2,6,44,Europe
Confusion surrounds me as I navigate through life's choices.,Confusion,2023-03-02 13:15:00,ConfusedMind3,Instagram,#Confusion #LifeChoices,30.0,60.0,USA,2023,3,2,13,Curiosity & Reflection,90.0,"['#confusion', '#lifechoices']",2,9,60,North America
Excitement for a weekend road trip to explore new places.,Excitement,2023-03-02 16:45:00,RoadTripper2,Twitter,#Excitement #WeekendAdventure,25.0,50.0,India,2023,3,2,16,Happiness & Joy,75.0,"['#excitement', '#weekendadventure']",2,10,57,Asia
Kindness witnessed today restores my faith in humanity.,Kind,2023-03-03 11:30:00,KindnessPrevails2,Facebook,#Kindness #HumanityRestored,22.0,45.0,USA,2023,3,3,11,Love & Affection,67.0,"['#kindness', '#humanityrestored']",2,8,55,North America
Pride in accomplishing personal and professional goals.,Pride,2023-03-03 14:30:00,GoalAchiever,Instagram,#Pride #Accomplishments,12.0,25.0,Canada,2023,3,3,14,Confidence & Achievement,37.0,"['#pride', '#accomplishments']",2,7,55,North America
Shame for not being true to my values in a difficult situation.,Shame,2023-03-03 12:00:00,ReflectiveSelf3,Twitter,#Shame #Integrity,15.0,30.0,UK,2023,3,3,12,Shame & Embarrassment,45.0,"['#shame', '#integrity']",2,12,63,Europe
"Revisiting old memories, feeling a sense of elation.",Elation,2010-05-15 15:30:00,NostalgiaFan,Twitter,#Elation #Memories,20.0,40.0,Canada,2010,5,15,15,Happiness & Joy,60.0,"['#elation', '#memories']",2,8,52,North America
The victory of our team brought euphoria to the city.,Euphoria,2021-08-10 21:15:00,SportsFanatic,Instagram,#Euphoria #Victory,15.0,30.0,USA,2021,8,10,21,Happiness & Joy,45.0,"['#euphoria', '#victory']",2,10,53,North America
"Embracing the beauty of nature, a moment of contentment.",Contentment,2011-06-20 14:45:00,NatureLover2,Facebook,#Contentment #Nature,25.0,50.0,India,2011,6,20,14,Calm & Peace,75.0,"['#contentment', '#nature']",2,9,56,Asia
"Meditating by the serene lake, finding inner peace.",Serenity,2022-02-12 18:20:00,ZenMaster2,Twitter,#Serenity #Meditation,18.0,35.0,UK,2022,2,12,18,Calm & Peace,53.0,"['#serenity', '#meditation']",2,8,51,Europe
Overflowing with gratitude for life's blessings.,Gratitude,2012-11-25 10:00:00,ThankfulHeart,Instagram,#Gratitude #Blessed,30.0,60.0,Australia,2012,11,25,10,Hope & Optimism,90.0,"['#gratitude', '#blessed']",2,6,48,Oceania
"Hopeful for a brighter tomorrow, despite challenges.",Hope,2013-04-05 19:30:00,OptimisticSoul,Facebook,#Hope #Optimism,22.0,45.0,USA,2013,4,5,19,Hope & Optimism,67.0,"['#hope', '#optimism']",2,7,52,North America
Empowered to make a difference in my community.,Empowerment,2014-09-14 08:30:00,CommunityLeader,Twitter,#Empowerment #Community,15.0,30.0,UK,2014,9,14,8,Confidence & Achievement,45.0,"['#empowerment', '#community']",2,8,47,Europe
Compassion in action: supporting a local charity event.,Compassion,2015-07-18 14:20:00,CharitySupporter,Instagram,#Compassion #CharityEvent,18.0,35.0,Canada,2015,7,18,14,Love & Affection,53.0,"['#compassion', '#charityevent']",2,8,55,North America
"A moment of tenderness, connecting with loved ones.",Tenderness,2016-02-23 19:45:00,LovingHeart,Facebook,#Tenderness #FamilyTime,25.0,50.0,UK,2016,2,23,19,Love & Affection,75.0,"['#tenderness', '#familytime']",2,8,51,Europe
Arousal of excitement as I await a special announcement.,Arousal,2017-10-30 11:30:00,ExcitementFan,Twitter,#Arousal #Excitement,20.0,40.0,Australia,2017,10,30,11,Energy & Arousal,60.0,"['#arousal', '#excitement']",2,9,56,Oceania
Enthusiastically diving into a new project.,Enthusiasm,2018-06-15 16:00:00,ProjectEnthusiast,Instagram,#Enthusiasm #NewProject,15.0,30.0,USA,2018,6,15,16,Happiness & Joy,45.0,"['#enthusiasm', '#newproject']",2,6,43,North America
Feeling a sense of fulfillment after reaching a milestone.,Fulfillment,2019-03-28 18:20:00,MilestoneAchiever,Facebook,#Fulfillment #Milestone,22.0,45.0,India,2019,3,28,18,Confidence & Achievement,67.0,"['#fulfillment', '#milestone']",2,9,58,Asia
Reverence for the beauty of a historic landmark.,Reverence,2019-11-11 15:00:00,HistoryLover,Twitter,#Reverence #History,18.0,35.0,UK,2019,11,11,15,Admiration & Awe,53.0,"['#reverence', '#history']",2,8,48,Europe
Elation after a surprise reunion with old friends.,Elation,2020-04-02 09:30:00,JoyfulReunion2,Instagram,#Elation #OldFriends,25.0,50.0,Canada,2020,4,2,9,Happiness & Joy,75.0,"['#elation', '#oldfriends']",2,8,50,North America
The euphoria of a live music concert under the stars.,Euphoria,2021-06-19 14:45:00,MusicEnthusiast,Facebook,#Euphoria #LiveMusic,15.0,30.0,USA,2021,6,19,14,Happiness & Joy,45.0,"['#euphoria', '#livemusic']",2,10,53,North America
Contentment in the simplicity of a quiet Sunday.,Contentment,2010-08-15 10:00:00,SimpleJoys,Twitter,#Contentment #SundayMood,30.0,60.0,Australia,2010,8,15,10,Calm & Peace,90.0,"['#contentment', '#sundaymood']",2,8,48,Oceania
Serenity found in the pages of a favorite book.,Serenity,2011-09-22 19:30:00,BookLover3,Instagram,#Serenity #BookTime,22.0,45.0,UK,2011,9,22,19,Calm & Peace,67.0,"['#serenity', '#booktime']",2,9,47,Europe
Gratitude for the support received during tough times.,Gratitude,2012-03-10 08:30:00,SupportiveFriend,Facebook,#Gratitude #Supportive,15.0,30.0,India,2012,3,10,8,Hope & Optimism,45.0,"['#gratitude', '#supportive']",2,8,54,Asia
Hopeful about the possibilities of a new journey.,Hope,2013-12-05 16:00:00,JourneyOptimist,Twitter,#Hope #NewBeginnings,18.0,35.0,Canada,2013,12,5,16,Hope & Optimism,53.0,"['#hope', '#newbeginnings']",2,8,49,North America
Empowerment through learning and personal growth.,Empowerment,2014-07-20 11:30:00,GrowthSeeker,Instagram,#Empowerment #PersonalGrowth,25.0,50.0,USA,2014,7,20,11,Confidence & Achievement,75.0,"['#empowerment', '#personalgrowth']",2,6,49,North America
Compassion towards those in need during the holidays.,Compassion,2015-12-22 14:20:00,HolidayHelper,Facebook,#Compassion #HolidaySupport,18.0,35.0,USA,2015,12,22,14,Love & Affection,53.0,"['#compassion', '#holidaysupport']",2,8,53,North America
Tenderness in the warmth of a cozy winter evening.,Tenderness,2016-02-10 19:45:00,WinterWarmth,Twitter,#Tenderness #CozyEvening,25.0,50.0,UK,2016,2,10,19,Love & Affection,75.0,"['#tenderness', '#cozyevening']",2,9,50,Europe
Arousal of excitement for an upcoming adventure.,Arousal,2017-04-30 11:30:00,AdventureAwaits,Instagram,#Arousal #AdventureTime,20.0,40.0,Australia,2017,4,30,11,Energy & Arousal,60.0,"['#arousal', '#adventuretime']",2,7,48,Oceania
Enthusiasm for a creative project in the making.,Enthusiasm,2018-09-15 16:00:00,CreativeSpirit,Facebook,#Enthusiasm #Creativity,15.0,30.0,Canada,2018,9,15,16,Happiness & Joy,45.0,"['#enthusiasm', '#creativity']",2,8,48,North America
Fulfillment in completing a challenging workout routine.,Fulfillment,2019-06-28 18:20:00,FitnessAchiever,Twitter,#Fulfillment #FitnessGoals,22.0,45.0,India,2019,6,28,18,Confidence & Achievement,67.0,"['#fulfillment', '#fitnessgoals']",2,7,56,Asia
Reverence for the artistry displayed in a museum.,Reverence,2020-11-11 15:00:00,ArtAppreciator,Instagram,#Reverence #ArtAppreciation,18.0,35.0,UK,2020,11,11,15,Admiration & Awe,53.0,"['#reverence', '#artappreciation']",2,8,49,Europe
Elation after achieving a personal goal.,Elation,2021-03-02 09:30:00,GoalAchiever2,Facebook,#Elation #PersonalAchievement,25.0,50.0,USA,2021,3,2,9,Happiness & Joy,75.0,"['#elation', '#personalachievement']",2,6,40,North America
Elation over discovering a hidden gem in the city.,Elation,2012-02-18 14:30:00,UrbanExplorer2,Twitter,#Elation #HiddenGem,20.0,40.0,USA,2012,2,18,14,Happiness & Joy,60.0,"['#elation', '#hiddengem']",2,9,50,North America
The euphoria of a surprise birthday celebration.,Euphoria,2018-11-05 21:45:00,BirthdayJoy,Instagram,#Euphoria #BirthdaySurprise,15.0,30.0,UK,2018,11,5,21,Happiness & Joy,45.0,"['#euphoria', '#birthdaysurprise']",2,7,48,Europe
Contentment in the simplicity of a home-cooked meal.,Contentment,2015-09-12 13:20:00,HomeChef,Facebook,#Contentment #HomeCooking,25.0,50.0,India,2015,9,12,13,Calm & Peace,75.0,"['#contentment', '#homecooking']",2,8,52,Asia
Serenity found in the melody of a peaceful piano.,Serenity,2016-07-30 18:10:00,MusicLover4,Twitter,#Serenity #PeacefulMelody,18.0,35.0,Canada,2016,7,30,18,Calm & Peace,53.0,"['#serenity', '#peacefulmelody']",2,9,49,North America
Gratitude for the supportive community around me.,Gratitude,2013-04-20 10:30:00,CommunityLove,Instagram,#Gratitude #CommunitySupport,30.0,60.0,USA,2013,4,20,10,Hope & Optimism,90.0,"['#gratitude', '#communitysupport']",2,7,49,North America
Hopeful about the prospects of a new business venture.,Hope,2017-12-08 19:15:00,EntrepreneurHope,Facebook,#Hope #BusinessVenture,22.0,45.0,Canada,2017,12,8,19,Hope & Optimism,67.0,"['#hope', '#businessventure']",2,9,54,North America
Empowerment through mentoring and guiding others.,Empowerment,2014-06-03 08:20:00,MentorEmpower,Twitter,#Empowerment #Mentorship,15.0,30.0,UK,2014,6,3,8,Confidence & Achievement,45.0,"['#empowerment', '#mentorship']",2,6,49,Europe
Compassion shown through acts of kindness in the community.,Compassion,2019-01-15 14:50:00,KindnessInAction,Instagram,#Compassion #CommunityKindness,18.0,35.0,Australia,2019,1,15,14,Love & Affection,53.0,"['#compassion', '#communitykindness']",2,9,59,Oceania
Tenderness in a heartfelt message to a loved one.,Tenderness,2016-12-25 19:30:00,LoveExpress,Facebook,#Tenderness #LoveNote,25.0,50.0,UK,2016,12,25,19,Love & Affection,75.0,"['#tenderness', '#lovenote']",2,9,49,Europe
Arousal of excitement before a much-awaited trip.,Arousal,2018-03-10 09:45:00,TravelExcitement,Twitter,#Arousal #TravelAdventure,20.0,40.0,India,2018,3,10,9,Energy & Arousal,60.0,"['#arousal', '#traveladventure']",2,7,49,Asia
Enthusiasm for a new artistic project in the works.,Enthusiasm,2020-09-17 16:30:00,ArtisticSpirit,Instagram,#Enthusiasm #ArtisticProject,15.0,30.0,USA,2020,9,17,16,Happiness & Joy,45.0,"['#enthusiasm', '#artisticproject']",2,9,51,North America
Feeling a sense of fulfillment after helping others.,Fulfillment,2011-08-28 18:45:00,HelperHeart,Facebook,#Fulfillment #HelpingOthers,22.0,45.0,Canada,2011,8,28,18,Confidence & Achievement,67.0,"['#fulfillment', '#helpingothers']",2,8,52,North America
Reverence for the historical significance of a landmark.,Reverence,2017-11-01 15:30:00,HistoryBuff,Twitter,#Reverence #HistoricalSite,18.0,35.0,Australia,2017,11,1,15,Admiration & Awe,53.0,"['#reverence', '#historicalsite']",2,8,56,Oceania
Elation after achieving a fitness milestone.,Elation,2019-06-15 10:00:00,FitnessAchiever2,Instagram,#Elation #FitnessMilestone,25.0,50.0,UK,2019,6,15,10,Happiness & Joy,75.0,"['#elation', '#fitnessmilestone']",2,6,44,Europe
The euphoria of a successful product launch.,Euphoria,2022-04-03 11:45:00,ProductLaunchJoy,Facebook,#Euphoria #ProductLaunchSuccess,15.0,30.0,USA,2022,4,3,11,Happiness & Joy,45.0,"['#euphoria', '#productlaunchsuccess']",2,7,44,North America
Contentment in the embrace of a loved one.,Contentment,2010-11-12 20:20:00,LovingEmbrace,Twitter,#Contentment #Love,30.0,60.0,India,2010,11,12,20,Calm & Peace,90.0,"['#contentment', '#love']",2,8,42,Asia
Serenity found in the beauty of a sunset by the sea.,Serenity,2011-07-22 18:30:00,SunsetWatcher2,Instagram,#Serenity #SunsetViews,22.0,45.0,Canada,2011,7,22,18,Calm & Peace,67.0,"['#serenity', '#sunsetviews']",2,11,52,North America
Gratitude for the small joys that each day brings.,Gratitude,2012-03-30 11:20:00,JoyfulHeart2,Facebook,#Gratitude #SmallJoys,15.0,30.0,Australia,2012,3,30,11,Hope & Optimism,45.0,"['#gratitude', '#smalljoys']",2,9,50,Oceania
Hopeful about the potential for personal growth.,Hope,2013-10-05 16:40:00,GrowthOptimist,Twitter,#Hope #PersonalDevelopment,18.0,35.0,UK,2013,10,5,16,Hope & Optimism,53.0,"['#hope', '#personaldevelopment']",2,7,48,Europe
Empowerment through learning a new skill.,Empowerment,2014-07-10 13:15:00,SkillEmpower,Instagram,#Empowerment #SkillBuilding,25.0,50.0,India,2014,7,10,13,Confidence & Achievement,75.0,"['#empowerment', '#skillbuilding']",2,6,41,Asia
Compassion in volunteering for a local charity.,Compassion,2015-12-18 14:20:00,CharityVolunteer,Facebook,#Compassion #VolunteerWork,18.0,35.0,USA,2015,12,18,14,Love & Affection,53.0,"['#compassion', '#volunteerwork']",2,7,47,North America
Tenderness in a quiet moment shared with a pet.,Tenderness,2016-02-10 19:45:00,PetLove,Twitter,#Tenderness #PetLove,25.0,50.0,Canada,2016,2,10,19,Love & Affection,75.0,"['#tenderness', '#petlove']",2,9,47,North America
Arousal of excitement for an upcoming festival.,Arousal,2017-09-25 11:30:00,FestivalFan,Instagram,#Arousal #FestivalExcitement,20.0,40.0,UK,2017,9,25,11,Energy & Arousal,60.0,"['#arousal', '#festivalexcitement']",2,7,47,Europe
Enthusiasm for a DIY home improvement project.,Enthusiasm,2018-04-15 16:00:00,DIYEnthusiast,Facebook,#Enthusiasm #HomeImprovement,15.0,30.0,Australia,2018,4,15,16,Happiness & Joy,45.0,"['#enthusiasm', '#homeimprovement']",2,7,46,Oceania
Fulfillment in completing a challenging puzzle.,Fulfillment,2019-11-28 18:20:00,PuzzleMaster,Twitter,#Fulfillment #PuzzleChallenge,22.0,45.0,India,2019,11,28,18,Confidence & Achievement,67.0,"['#fulfillment', '#puzzlechallenge']",2,6,47,Asia
Reverence for the wonders of nature on a hiking trail.,Reverence,2020-05-11 15:00:00,NatureAdmirer,Instagram,#Reverence #NatureExploration,18.0,35.0,USA,2020,5,11,15,Admiration & Awe,53.0,"['#reverence', '#natureexploration']",2,10,54,North America
Elation after a surprise reunion with a childhood friend.,Elation,2021-02-05 09:30:00,ChildhoodJoy,Facebook,#Elation #FriendshipReunion,25.0,50.0,Canada,2021,2,5,9,Happiness & Joy,75.0,"['#elation', '#friendshipreunion']",2,9,57,North America
Suffering from despair after another setback.,Despair,2021-03-10 08:30:00,StrugglingSoul,Twitter,#Despair #Struggle,5.0,10.0,USA,2021,3,10,8,Sadness & Loss,15.0,"['#despair', '#struggle']",2,6,45,North America
"Overwhelmed by grief, missing a loved one dearly.",Grief,2022-07-05 15:45:00,MourningHeart,Instagram,#Grief #Loss,8.0,15.0,Canada,2022,7,5,15,Sadness & Loss,23.0,"['#grief', '#loss']",2,8,49,North America
Loneliness creeps in as the night grows colder.,Loneliness,2019-11-18 21:20:00,SolitarySoul,Facebook,#Loneliness #Isolation,10.0,20.0,UK,2019,11,18,21,Sadness & Loss,30.0,"['#loneliness', '#isolation']",2,8,47,Europe
Jealousy consumes me as I witness others' success.,Jealousy,2020-08-12 11:30:00,EnviousObserver,Twitter,#Jealousy #Envy,12.0,25.0,India,2020,8,12,11,Anger & Resentment,37.0,"['#jealousy', '#envy']",2,8,50,Asia
Resentment building up over past betrayals.,Resentment,2018-05-22 14:45:00,BitterHeart,Instagram,#Resentment #Bitterness,7.0,15.0,Australia,2018,5,22,14,Anger & Resentment,22.0,"['#resentment', '#bitterness']",2,6,43,Oceania
Frustration mounts as obstacles block my path.,Frustration,2017-01-30 16:10:00,BlockedGoals,Facebook,#Frustration #Obstacles,10.0,20.0,USA,2017,1,30,16,Anger & Resentment,30.0,"['#frustration', '#obstacles']",2,7,46,North America
"Boredom sets in, the day feels endlessly dull.",Boredom,2016-09-28 19:45:00,BoredMind,Twitter,#Boredom #LackOfInterest,8.0,15.0,Canada,2016,9,28,19,Neutral / General,23.0,"['#boredom', '#lackofinterest']",2,8,46,North America
"Anxiety grips my heart, worry clouds my thoughts.",Anxiety,2019-04-15 09:00:00,WorriedMind,Instagram,#Anxiety #Worry,12.0,25.0,UK,2019,4,15,9,Fear & Anxiety,37.0,"['#anxiety', '#worry']",2,8,49,Europe
Intimidation by the unknown future ahead.,Intimidation,2021-12-03 18:30:00,FearfulSoul,Facebook,#Intimidation #Fear,15.0,30.0,India,2021,12,3,18,Fear & Anxiety,45.0,"['#intimidation', '#fear']",2,6,41,Asia
Helplessness sinks in as challenges pile up.,Helplessness,2020-06-20 14:20:00,OverwhelmedHeart,Twitter,#Helplessness #Overwhelmed,8.0,15.0,Australia,2020,6,20,14,Fear & Anxiety,23.0,"['#helplessness', '#overwhelmed']",2,7,44,Oceania
Envy eats away at me as I see others' prosperity.,Envy,2018-11-07 11:30:00,CovetousMind,Instagram,#Envy #Desire,10.0,20.0,Canada,2018,11,7,11,Anger & Resentment,30.0,"['#envy', '#desire']",2,10,49,North America
Regret over missed opportunities haunts my thoughts.,Regret,2017-08-25 16:00:00,RemorsefulSoul,Facebook,#Regret #MissedChances,12.0,25.0,UK,2017,8,25,16,Disappointment & Regret,37.0,"['#regret', '#missedchances']",2,7,52,Europe
Disgust at the sight of injustice and cruelty.,Disgust,2019-02-11 09:45:00,DisgustedHeart,Twitter,#Disgust #Injustice,7.0,15.0,India,2019,2,11,9,Anger & Resentment,22.0,"['#disgust', '#injustice']",2,8,46,Asia
"Drowning in despair, hope slipping through my fingers.",Despair,2016-04-02 20:20:00,HopelessHeart,Instagram,#Despair #Hopeless,10.0,20.0,USA,2016,4,2,20,Sadness & Loss,30.0,"['#despair', '#hopeless']",2,8,54,North America
"Grief weighs heavy, tears a constant companion.",Grief,2015-10-18 15:30:00,TearfulSoul,Facebook,#Grief #Tears,12.0,25.0,Canada,2015,10,18,15,Sadness & Loss,37.0,"['#grief', '#tears']",2,7,47,North America
"Loneliness in a crowded room, a silent cry for connection.",Loneliness,2019-07-12 18:10:00,IsolatedMind,Twitter,#Loneliness #SeekingConnection,15.0,30.0,UK,2019,7,12,18,Sadness & Loss,45.0,"['#loneliness', '#seekingconnection']",2,10,58,Europe
"Jealousy gnaws at my confidence, a toxic emotion.",Jealousy,2018-06-03 16:30:00,SelfDoubt,Instagram,#Jealousy #Insecurity,8.0,15.0,India,2018,6,3,16,Anger & Resentment,23.0,"['#jealousy', '#insecurity']",2,8,49,Asia
"Resentment festers, poisoning relationships.",Resentment,2022-01-15 12:00:00,BrokenTrust,Facebook,#Resentment #BrokenTrust,10.0,20.0,Australia,2022,1,15,12,Anger & Resentment,30.0,"['#resentment', '#brokentrust']",2,4,44,Oceania
"Frustration boils over, a volcanic eruption of emotions.",Frustration,2017-04-10 14:45:00,ExplosiveMind,Twitter,#Frustration #EmotionalOutburst,12.0,25.0,USA,2017,4,10,14,Anger & Resentment,37.0,"['#frustration', '#emotionaloutburst']",2,8,56,North America
"Boredom settles like dust, life feels mundane.",Boredom,2016-11-28 19:00:00,MundaneHeart,Instagram,#Boredom #Monotony,7.0,15.0,Canada,2016,11,28,19,Neutral / General,22.0,"['#boredom', '#monotony']",2,7,46,North America
"Anxiety grips my chest, a relentless grip on my thoughts.",Anxiety,2018-09-05 09:30:00,RestlessMind,Facebook,#Anxiety #Restlessness,10.0,20.0,UK,2018,9,5,9,Fear & Anxiety,30.0,"['#anxiety', '#restlessness']",2,10,57,Europe
"Intimidation by the challenges ahead, fear takes hold.",Intimidation,2021-10-22 18:30:00,FearfulJourney,Twitter,#Intimidation #FacingFear,15.0,30.0,India,2021,10,22,18,Fear & Anxiety,45.0,"['#intimidation', '#facingfear']",2,8,54,Asia
"Helplessness engulfs me, drowning in a sea of problems.",Helplessness,2019-05-08 14:20:00,OverwhelmedSoul,Instagram,#Helplessness #Struggling,8.0,15.0,Australia,2019,5,8,14,Fear & Anxiety,23.0,"['#helplessness', '#struggling']",2,9,55,Oceania
"Envy poisons my thoughts, coveting others' success.",Envy,2017-03-20 11:30:00,GreenEyedMonster,Facebook,#Envy #Success,10.0,20.0,Canada,2017,3,20,11,Anger & Resentment,30.0,"['#envy', '#success']",2,7,51,North America
Regret for decisions that led to a painful present.,Regret,2018-12-15 16:00:00,RegretfulMind,Twitter,#Regret #PastChoices,12.0,25.0,USA,2018,12,15,16,Disappointment & Regret,37.0,"['#regret', '#pastchoices']",2,9,51,North America
Disgust at the corruption that stains society.,Disgust,2016-07-01 09:45:00,CorruptedHeart,Instagram,#Disgust #Corruption,7.0,15.0,UK,2016,7,1,9,Anger & Resentment,22.0,"['#disgust', '#corruption']",2,7,46,Europe
"Sinking in despair, each day darker than the last.",Despair,2020-08-20 20:20:00,DrowningSoul,Facebook,#Despair #DarkDays,10.0,20.0,India,2020,8,20,20,Sadness & Loss,30.0,"['#despair', '#darkdays']",2,9,50,Asia
"Grief overwhelms, a storm of emotions within.",Grief,2021-02-25 15:30:00,StormyHeart,Twitter,#Grief #EmotionalStorm,12.0,25.0,Canada,2021,2,25,15,Sadness & Loss,37.0,"['#grief', '#emotionalstorm']",2,7,45,North America
"Loneliness echoes in empty spaces, yearning for connection.",Loneliness,2019-09-12 18:10:00,EchoingSoul,Instagram,#Loneliness #YearningForConnection,15.0,30.0,Australia,2019,9,12,18,Sadness & Loss,45.0,"['#loneliness', '#yearningforconnection']",2,8,59,Oceania
"Jealousy poisons my thoughts, resentment brewing within.",Jealousy,2018-08-05 16:30:00,PoisonedMind,Facebook,#Jealousy #Resentment,8.0,15.0,USA,2018,8,5,16,Anger & Resentment,23.0,"['#jealousy', '#resentment']",2,7,56,North America
"Resentment festers, a wound that refuses to heal.",Resentment,2017-01-12 12:00:00,UnforgivingSoul,Twitter,#Resentment #Unforgiving,10.0,20.0,India,2017,1,12,12,Anger & Resentment,30.0,"['#resentment', '#unforgiving']",2,8,49,Asia
"Frustration escalates, a thunderstorm of emotions.",Frustration,2022-04-05 14:45:00,ThunderingMind,Instagram,#Frustration #EmotionalOutburst,12.0,25.0,UK,2022,4,5,14,Anger & Resentment,37.0,"['#frustration', '#emotionaloutburst']",2,6,50,Europe
"Boredom lingers, a stagnant pool of indifference.",Boredom,2021-10-02 19:00:00,StagnantHeart,Facebook,#Boredom #Stagnation,7.0,15.0,Canada,2021,10,2,19,Neutral / General,22.0,"['#boredom', '#stagnation']",2,7,49,North America
"Embarking on a journey of discovery, fueled by curiosity and a thirst for knowledge.",Curiosity,2023-04-15 10:15:00,InquisitiveMind,Twitter,#Curiosity #Learning,15.0,30.0,USA,2023,4,15,10,Curiosity & Reflection,45.0,"['#curiosity', '#learning']",2,14,84,North America
"Lost in the vast sea of information, an indifferent wave in the digital ocean.",Indifference,2022-11-28 17:30:00,ApatheticObserver,Instagram,#Indifference #DigitalOverload,7.0,15.0,Canada,2022,11,28,17,Curiosity & Reflection,22.0,"['#indifference', '#digitaloverload']",2,14,78,North America
"The complex puzzle of life leaves me in a state of perpetual confusion, seeking answers in the chaos.",Confusion,2020-04-02 09:45:00,SeekingClarity,Facebook,#Confusion #LifePuzzle,10.0,20.0,UK,2020,4,2,9,Curiosity & Reflection,30.0,"['#confusion', '#lifepuzzle']",2,18,101,Europe
"A numbness settles over me, a shield against the overwhelming emotions life throws my way.",Numbness,2021-08-10 14:00:00,EmotionallyDistant,Twitter,#Numbness #EmotionalShield,8.0,15.0,India,2021,8,10,14,Curiosity & Reflection,23.0,"['#numbness', '#emotionalshield']",2,15,90,Asia
"Gazing at the sunset, a melancholic longing for moments that slip through the fingers of time.",Melancholy,2019-06-18 20:45:00,SunsetDreamer,Instagram,#Melancholy #SunsetMoments,12.0,25.0,Australia,2019,6,18,20,Sadness & Loss,37.0,"['#melancholy', '#sunsetmoments']",2,16,94,Oceania
"Revisiting old photographs, caught in the embrace of nostalgia's bittersweet symphony.",Nostalgia,2018-02-05 15:15:00,MemoryLaneTraveler,Facebook,#Nostalgia #MemoryLane,10.0,20.0,USA,2018,2,5,15,Curiosity & Reflection,30.0,"['#nostalgia', '#memorylane']",2,11,86,North America
"Torn between conflicting emotions, an ambivalence that paints my decisions in shades of uncertainty.",Ambivalence,2022-05-30 11:30:00,MixedFeelings,Twitter,#Ambivalence #UncertainChoices,12.0,25.0,Canada,2022,5,30,11,Curiosity & Reflection,37.0,"['#ambivalence', '#uncertainchoices']",2,14,100,North America
"Embracing the ebb and flow of life, finding acceptance in the dance of existence.",Acceptance,2023-01-10 16:20:00,ZenLifestyle,Instagram,#Acceptance #LifeJourney,15.0,30.0,UK,2023,1,10,16,Hope & Optimism,45.0,"['#acceptance', '#lifejourney']",2,14,81,Europe
"Facing challenges head-on, a determination that fuels the fire within to achieve the impossible.",Determination,2020-09-18 13:45:00,ResilientSpirit,Facebook,#Determination #AchieveTheImpossible,10.0,20.0,India,2020,9,18,13,Confidence & Achievement,30.0,"['#determination', '#achievetheimpossible']",2,14,96,Asia
"Serenity found in the stillness of nature, a tranquil retreat from the chaos of the modern world.",Serenity,2021-07-03 19:00:00,NatureSoul,Twitter,#Serenity #NatureRetreat,12.0,25.0,Australia,2021,7,3,19,Calm & Peace,37.0,"['#serenity', '#natureretreat']",2,17,97,Oceania
"Curiosity leading me down the rabbit hole of knowledge, a perpetual student in life's classroom.",Curiosity,2022-10-08 08:15:00,EternalLearner,Instagram,#Curiosity #KnowledgeQuest,20.0,40.0,USA,2022,10,8,8,Curiosity & Reflection,60.0,"['#curiosity', '#knowledgequest']",2,15,96,North America
"Floating through the day with an air of indifference, detached from the mundane happenings around.",Indifference,2023-03-22 16:30:00,AloofObserver,Facebook,#Indifference #FloatingThroughLife,10.0,20.0,Canada,2023,3,22,16,Curiosity & Reflection,30.0,"['#indifference', '#floatingthroughlife']",2,15,98,North America
"Entangled in the web of thoughts, confusion reigning as I navigate the labyrinth of ideas.",Confusion,2021-05-15 11:45:00,ThoughtExplorer,Twitter,#Confusion #ThoughtLabyrinth,15.0,30.0,UK,2021,5,15,11,Curiosity & Reflection,45.0,"['#confusion', '#thoughtlabyrinth']",2,15,90,Europe
"Numb to the chaos, emotions locked away, a stoic facade concealing the inner turmoil.",Numbness,2019-12-28 14:30:00,StoicSoul,Instagram,#Numbness #StoicFacade,8.0,15.0,Australia,2019,12,28,14,Curiosity & Reflection,23.0,"['#numbness', '#stoicfacade']",2,14,85,Oceania
"Melancholy whispers in the breeze, a silent conversation with the echoes of forgotten dreams.",Melancholy,2020-03-01 19:00:00,DreamerInSilence,Facebook,#Melancholy #WhispersInTheBreeze,12.0,25.0,India,2020,3,1,19,Sadness & Loss,37.0,"['#melancholy', '#whispersinthebreeze']",2,14,93,Asia
"Stumbling upon an old journal, nostalgia flooding in waves, carrying me to moments long gone.",Nostalgia,2018-07-10 15:45:00,JournalKeeper,Twitter,#Nostalgia #JournalMoments,10.0,20.0,Canada,2018,7,10,15,Curiosity & Reflection,30.0,"['#nostalgia', '#journalmoments']",2,15,93,North America
"A tapestry of conflicting feelings, weaving through uncertainty, caught in the threads of ambivalence.",Ambivalence,2022-01-05 10:30:00,ThreadWeaver,Instagram,#Ambivalence #ConflictingFeelings,12.0,25.0,UK,2022,1,5,10,Curiosity & Reflection,37.0,"['#ambivalence', '#conflictingfeelings']",2,14,102,Europe
"Embracing the flaws, finding acceptance in imperfection, a journey towards self-love.",Acceptance,2021-08-20 16:20:00,SelfLoveAdvocate,Facebook,#Acceptance #SelfLoveJourney,15.0,30.0,Australia,2021,8,20,16,Hope & Optimism,45.0,"['#acceptance', '#selflovejourney']",2,11,85,Oceania
"Determination burning like a wildfire, overcoming obstacles, turning dreams into reality.",Determination,2019-11-03 13:45:00,DreamChaser,Twitter,#Determination #DreamsIntoReality,18.0,35.0,USA,2019,11,3,13,Confidence & Achievement,53.0,"['#determination', '#dreamsintoreality']",2,11,89,North America
"Tranquil moments by the ocean, serenity washing over, a peaceful retreat within the waves' embrace.",Serenity,2020-04-12 19:30:00,OceanSoul,Instagram,#Serenity #OceanRetreat,25.0,50.0,Canada,2020,4,12,19,Calm & Peace,75.0,"['#serenity', '#oceanretreat']",2,15,99,North America
"Exploring new horizons with the spark of curiosity, an adventurer in the vast landscape of knowledge.",Curiosity,2022-04-15 08:45:00,HorizonExplorer,Facebook,#Curiosity #NewHorizons,22.0,45.0,India,2022,4,15,8,Curiosity & Reflection,67.0,"['#curiosity', '#newhorizons']",2,16,101,Asia
"Drifting through the day with a nonchalant demeanor, embracing the art of indifference.",Indifference,2023-02-10 17:00:00,NonchalantSpirit,Twitter,#Indifference #DriftingThroughLife,9.0,18.0,UK,2023,2,10,17,Curiosity & Reflection,27.0,"['#indifference', '#driftingthroughlife']",2,13,87,Europe
"Wrestling with thoughts, a perplexed mind lost in the labyrinth of life's complexities.",Confusion,2020-08-05 12:15:00,ComplexThinker,Instagram,#Confusion #PerplexedMind,14.0,28.0,Australia,2020,8,5,12,Curiosity & Reflection,42.0,"['#confusion', '#perplexedmind']",2,13,87,Oceania
"Immersed in a state of emotional numbness, a shield against the storm of daily struggles.",Numbness,2021-12-01 15:30:00,ShieldedHeart,Facebook,#Numbness #EmotionalShield,10.0,20.0,USA,2021,12,1,15,Curiosity & Reflection,30.0,"['#numbness', '#emotionalshield']",2,15,89,North America
"A melancholic symphony playing in the background, the soundtrack of a wistful heart.",Melancholy,2019-03-25 21:00:00,SymphonySoul,Twitter,#Melancholy #WistfulHeart,13.0,26.0,Canada,2019,3,25,21,Sadness & Loss,39.0,"['#melancholy', '#wistfulheart']",2,13,84,North America
"Flipping through the pages of an old yearbook, nostalgia painting smiles and tears on my face.",Nostalgia,2017-06-18 14:45:00,YearbookExplorer,Instagram,#Nostalgia #YearbookMemories,12.0,25.0,India,2017,6,18,14,Curiosity & Reflection,37.0,"['#nostalgia', '#yearbookmemories']",2,16,94,Asia
"Torn between opposing emotions, an ambivalence that colors my decisions with shades of uncertainty.",Ambivalence,2022-07-08 11:30:00,DecisiveDilemma,Facebook,#Ambivalence #ShadesOfUncertainty,15.0,30.0,Australia,2022,7,8,11,Curiosity & Reflection,45.0,"['#ambivalence', '#shadesofuncertainty']",2,14,99,Oceania
"Embracing life's imperfections, finding acceptance in the journey, scars and all.",Acceptance,2023-05-15 16:20:00,ImperfectHarmony,Twitter,#Acceptance #ImperfectJourney,18.0,36.0,Canada,2023,5,15,16,Hope & Optimism,54.0,"['#acceptance', '#imperfectjourney']",2,11,81,North America
"A fiery determination burning within, fueled by the vision of reaching unparalleled heights.",Determination,2021-09-10 14:45:00,VisionarySpirit,Instagram,#Determination #UnparalleledHeights,20.0,40.0,UK,2021,9,10,14,Confidence & Achievement,60.0,"['#determination', '#unparalleledheights']",2,13,92,Europe
"Basking in the serenity of a quiet forest, where the whispers of nature bring peace to the soul.",Serenity,2020-02-28 18:30:00,ForestDreamer,Facebook,#Serenity #NatureWhispers,25.0,50.0,USA,2020,2,28,18,Calm & Peace,75.0,"['#serenity', '#naturewhispers']",2,18,96,North America
"Indifferent to the noise of the world, a silent observer in the midst of life's cacophony.",Indifference,2023-03-10 16:30:00,SilentSpectator,Instagram,#Indifference #SilentObserver,9.0,18.0,India,2023,3,10,16,Curiosity & Reflection,27.0,"['#indifference', '#silentobserver']",2,16,90,Asia
"Navigating through the labyrinth of thoughts, confusion a constant companion in the maze of ideas.",Confusion,2021-05-02 11:45:00,MazeNavigator,Facebook,#Confusion #ThoughtLabyrinth,14.0,28.0,Australia,2021,5,2,11,Curiosity & Reflection,42.0,"['#confusion', '#thoughtlabyrinth']",2,15,98,Oceania
"An impenetrable numbness shields me from the emotional storms, a fortress of stoic resilience.",Numbness,2019-10-18 14:30:00,ResilientFortress,Twitter,#Numbness #StoicResilience,11.0,22.0,UK,2019,10,18,14,Curiosity & Reflection,33.0,"['#numbness', '#stoicresilience']",2,14,94,Europe
"Melancholy painting the world in hues of nostalgia, a canvas of bittersweet memories.",Melancholy,2020-01-05 20:00:00,CanvasDreamer,Instagram,#Melancholy #BittersweetMemories,13.0,26.0,USA,2020,1,5,20,Sadness & Loss,39.0,"['#melancholy', '#bittersweetmemories']",2,13,85,North America
"A journey into the past, flipping through the pages of an old diary, nostalgia taking the lead.",Nostalgia,2018-08-10 15:45:00,DiaryExplorer,Facebook,#Nostalgia #DiaryJourney,12.0,25.0,Canada,2018,8,10,15,Curiosity & Reflection,37.0,"['#nostalgia', '#diaryjourney']",2,17,95,North America
"Ambivalence clouding decisions, caught in the crossroads of conflicting emotions.",Ambivalence,2022-01-15 10:30:00,CrossroadsTraveler,Twitter,#Ambivalence #ConflictingEmotions,15.0,30.0,India,2022,1,15,10,Curiosity & Reflection,45.0,"['#ambivalence', '#conflictingemotions']",2,10,81,Asia
"Embracing imperfections, finding acceptance in the mosaic of life's beautiful chaos.",Acceptance,2021-07-20 16:20:00,MosaicDreamer,Instagram,#Acceptance #BeautifulChaos,18.0,36.0,Australia,2021,7,20,16,Hope & Optimism,54.0,"['#acceptance', '#beautifulchaos']",2,11,84,Oceania
"Determination as the driving force, propelling me forward on the path to extraordinary achievements.",Determination,2019-12-03 13:45:00,PathfinderSpirit,Facebook,#Determination #ExtraordinaryPath,20.0,40.0,USA,2019,12,3,13,Confidence & Achievement,60.0,"['#determination', '#extraordinarypath']",2,14,100,North America
"Seeking serenity in the melody of raindrops, a tranquil escape from the noise of everyday life.",Serenity,2020-04-12 19:30:00,RaindropHarmony,Twitter,#Serenity #RaindropMelody,25.0,50.0,Canada,2020,4,12,19,Calm & Peace,75.0,"['#serenity', '#raindropmelody']",2,16,95,North America
"Curiosity driving the exploration of the unknown, a seeker of knowledge in uncharted territories.",Curiosity,2022-05-08 08:45:00,SeekerOfUnknowns,Instagram,#Curiosity #SeekerOfKnowledge,22.0,45.0,UK,2022,5,8,8,Curiosity & Reflection,67.0,"['#curiosity', '#seekerofknowledge']",2,14,97,Europe
"Drifting through the day with an air of nonchalance, indifferent to the trivialities of life.",Indifference,2023-02-22 17:00:00,NonchalantWanderer,Facebook,#Indifference #DriftingThroughLife,9.0,18.0,India,2023,2,22,17,Curiosity & Reflection,27.0,"['#indifference', '#driftingthroughlife']",2,15,93,Asia
"Lost in the labyrinth of thoughts, confusion casting shadows on the quest for clarity.",Confusion,2020-06-05 12:15:00,ShadowedSeeker,Twitter,#Confusion #LabyrinthOfThoughts,14.0,28.0,Australia,2020,6,5,12,Curiosity & Reflection,42.0,"['#confusion', '#labyrinthofthoughts']",2,14,86,Oceania
"Wrapped in the cloak of emotional numbness, a shield against the storms of life's turbulence.",Numbness,2021-11-30 15:30:00,TurbulentShield,Instagram,#Numbness #EmotionalStorms,10.0,20.0,Canada,2021,11,30,15,Curiosity & Reflection,30.0,"['#numbness', '#emotionalstorms']",2,15,93,North America
"Melancholy as a companion, painting the canvas of life with the brushstrokes of wistful yearning.",Melancholy,2019-02-25 21:00:00,WistfulPainter,Facebook,#Melancholy #WistfulYearning,13.0,26.0,UK,2019,2,25,21,Sadness & Loss,39.0,"['#melancholy', '#wistfulyearning']",2,15,97,Europe
"Leafing through the pages of an old photo album, nostalgia weaving tales of laughter and tears.",Nostalgia,2017-05-18 14:45:00,TaleWeaver,Twitter,#Nostalgia #PhotoAlbumStories,12.0,25.0,USA,2017,5,18,14,Curiosity & Reflection,37.0,"['#nostalgia', '#photoalbumstories']",2,16,95,North America
"Ambivalence in the air, caught between the crossroads of conflicting emotions and decisions.",Ambivalence,2022-08-05 11:30:00,CrossroadsExplorer,Instagram,#Ambivalence #CrossroadsConfusion,15.0,30.0,Canada,2022,8,5,11,Curiosity & Reflection,45.0,"['#ambivalence', '#crossroadsconfusion']",2,13,92,North America
"Embracing the beauty in imperfections, finding acceptance in the mosaic of life's unpredictable art.",Acceptance,2023-06-15 16:20:00,MosaicArtist,Facebook,#Acceptance #UnpredictableArt,18.0,36.0,Australia,2023,6,15,16,Hope & Optimism,54.0,"['#acceptance', '#unpredictableart']",2,14,100,Oceania
"Determination ablaze, forging a path through challenges, sculpting dreams into tangible realities.",Determination,2021-10-10 14:45:00,DreamSculptor,Twitter,#Determination #SculptingDreams,20.0,40.0,UK,2021,10,10,14,Confidence & Achievement,60.0,"['#determination', '#sculptingdreams']",2,12,98,Europe
"Immerse in the serenity of a moonlit night, where the quiet whispers of nature bring peace to the soul.",Serenity,2020-05-12 19:30:00,MoonlitSoul,Instagram,#Serenity #MoonlitPeace,25.0,50.0,USA,2020,5,12,19,Calm & Peace,75.0,"['#serenity', '#moonlitpeace']",2,19,103,North America
"Fueled by curiosity, venturing into uncharted realms, a fearless explorer of the mysteries of the world.",Curiosity,2022-12-01 09:15:00,FearlessExplorer,Facebook,#Curiosity #FearlessExplorer,22.0,44.0,India,2022,12,1,9,Curiosity & Reflection,66.0,"['#curiosity', '#fearlessexplorer']",2,16,104,Asia
"Dancing through life with the exuberance of a carefree spirit, embracing joy and zest at every turn.",Zest,2018-07-12 17:45:00,JoyfulDancer,Twitter,#Zest #CarefreeSpirit,15.0,30.0,USA,2018,7,12,17,Happiness & Joy,45.0,"['#zest', '#carefreespirit']",2,17,100,North America
"Basking in the golden glow of contentment, a serene river flowing through the landscape of the heart.",Contentment,2020-09-05 20:10:00,SereneBasker,Facebook,#Contentment #GoldenGlow,18.0,36.0,Australia,2020,9,5,20,Calm & Peace,54.0,"['#contentment', '#goldenglow']",2,17,101,Oceania
"Gazing towards the horizon with hopeful eyes, painting a canvas of dreams illuminated by the sun of optimism.",Hopeful,2022-04-18 08:00:00,DreamPainter,Instagram,#Hopeful #CanvasOfDreams,12.0,24.0,India,2022,4,18,8,Hope & Optimism,36.0,"['#hopeful', '#canvasofdreams']",2,18,109,Asia
"Standing tall, proud as an oak, the branches of achievement reaching towards the sky of accomplishment.",Proud,2019-12-10 12:20:00,OakAchiever,Twitter,#Proud #BranchesOfAchievement,25.0,50.0,Canada,2019,12,10,12,Confidence & Achievement,75.0,"['#proud', '#branchesofachievement']",2,16,103,North America
"A heart overflowing with gratitude, a garden where appreciation blooms in the soil of kindness and connection.",Grateful,2023-02-28 09:45:00,HeartGardener,Facebook,#Grateful #BlossomingConnection,20.0,40.0,USA,2023,2,28,9,Hope & Optimism,60.0,"['#grateful', '#blossomingconnection']",2,17,110,North America
"Extending a hand, empathetic threads weaving a tapestry of understanding, embracing the joys and sorrows of others.",Empathetic,2018-04-03 14:15:00,ThreadWeaver,Instagram,#Empathetic #TapestryOfUnderstanding,15.0,30.0,UK,2018,4,3,14,Love & Affection,45.0,"['#empathetic', '#tapestryofunderstanding']",2,17,115,Europe
"Compassionate clouds, heavy with care, showering empathy on the parched grounds of human suffering.",Compassionate,2022-06-20 10:30:00,CloudCaretaker,Twitter,#Compassionate #ShowerOfEmpathy,18.0,36.0,Australia,2022,6,20,10,Love & Affection,54.0,"['#compassionate', '#showerofempathy']",2,14,99,Oceania
"Playfully dancing in the rain of laughter, a whimsical spirit twirling in the puddles of joy and lightheartedness.",Playful,2020-07-08 18:00:00,RainDancer,Facebook,#Playful #DanceInTheRain,22.0,44.0,Canada,2020,7,8,18,Happiness & Joy,66.0,"['#playful', '#danceintherain']",2,18,114,North America
"Soaring on the wings of a free spirit, unburdened by the chains of conformity, painting the sky with independence.",Free-spirited,2021-08-15 11:10:00,SkyPainter,Instagram,#FreeSpirit #PaintingTheSky,20.0,40.0,India,2021,8,15,11,Creativity & Inspiration,60.0,"['#freespirit', '#paintingthesky']",2,19,114,Asia
"Bathed in the glow of inspiration, a creative phoenix rising from the ashes of ordinary thoughts to explore new realms.",Inspired,2019-10-25 16:50:00,PhoenixExplorer,Twitter,#Inspired #CreativePhoenix,15.0,30.0,UK,2019,10,25,16,Creativity & Inspiration,45.0,"['#inspired', '#creativephoenix']",2,20,119,Europe
"Navigating the sea of hope, sailing towards the sunrise of possibilities, confident in the ship of positive anticipation.",Hopeful,2023-10-05 07:30:00,SunriseNavigator,Facebook,#Hopeful #SunriseOfPossibilities,12.0,24.0,USA,2023,10,5,7,Hope & Optimism,36.0,"['#hopeful', '#sunriseofpossibilities']",2,18,121,North America
"Striding with confidence, footprints of self-assuredness imprinted on the sands of challenges conquered and victories claimed.",Confident,2022-02-15 13:15:00,SandStrider,Instagram,#Confident #FootprintsOfAssuredness,25.0,50.0,Australia,2022,2,15,13,Confidence & Achievement,75.0,"['#confident', '#footprintsofassuredness']",2,16,126,Oceania
"Lost in the symphony of the night, a moonlit serenade that whispers tales of wanderlust and moonlit dreams.",Serenity,2021-05-08 22:00:00,NightSerenader,Twitter,#Serenity #MoonlitSerenade,13.0,26.0,Canada,2021,5,8,22,Calm & Peace,39.0,"['#serenity', '#moonlitserenade']",2,18,107,North America
"Unveiling the layers of curiosity, a labyrinth of questions leading to the treasure troves of undiscovered knowledge.",Curiosity,2020-11-29 14:45:00,KnowledgeSeeker,Instagram,#Curiosity #LabyrinthOfQuestions,17.0,34.0,USA,2020,11,29,14,Curiosity & Reflection,51.0,"['#curiosity', '#labyrinthofquestions']",2,17,117,North America
"In the embrace of the autumn breeze, leaves of ambivalence dancing in a waltz between choices and uncertainties.",Ambivalence,2019-09-14 10:20:00,BreezeWaltzer,Facebook,#Ambivalence #AutumnWaltz,14.0,28.0,UK,2019,9,14,10,Curiosity & Reflection,42.0,"['#ambivalence', '#autumnwaltz']",2,18,112,Europe
"Gratitude as a guiding star, navigating the constellation of blessings in the vast universe of life's precious moments.",Grateful,2022-03-12 19:55:00,StarNavigator,Twitter,#Grateful #GuidingStar,19.0,38.0,Australia,2022,3,12,19,Hope & Optimism,57.0,"['#grateful', '#guidingstar']",2,18,119,Oceania
"With a zestful heart, sprinting through fields of enthusiasm, chasing sunbeams and laughter in the meadows of joy.",Zest,2023-03-30 16:30:00,MeadowSprinter,Instagram,#Zest #FieldsOfEnthusiasm,16.0,32.0,India,2023,3,30,16,Happiness & Joy,48.0,"['#zest', '#fieldsofenthusiasm']",2,18,114,Asia
"A compassionate rain, tears of empathy falling gently, nurturing the seeds of kindness in the garden of human connections.",Compassionate,2021-07-01 12:10:00,RainNurturer,Facebook,#Compassionate #TearsOfEmpathy,21.0,42.0,Canada,2021,7,1,12,Love & Affection,63.0,"['#compassionate', '#tearsofempathy']",2,19,122,North America
"Proudly scaling the peaks of achievement, a mountaineer conquering challenges and planting the flag of success.",Proud,2020-01-05 08:45:00,PeakConqueror,Twitter,#Proud #ScalingPeaks,23.0,46.0,USA,2020,1,5,8,Confidence & Achievement,69.0,"['#proud', '#scalingpeaks']",2,16,111,North America
"Embraced by the hopeful dawn, a gardener sowing seeds of optimism, tending to the blooms of a brighter tomorrow.",Hopeful,2022-07-17 06:15:00,DawnGardener,Instagram,#Hopeful #SeedsOfOptimism,14.0,28.0,UK,2022,7,17,6,Hope & Optimism,42.0,"['#hopeful', '#seedsofoptimism']",2,19,112,Europe
"A playful escapade in the carnival of life, carousel laughter and cotton candy dreams swirling in the joyous atmosphere.",Playful,2018-08-22 17:20:00,CarnivalDreamer,Facebook,#Playful #CarnivalEscapade,24.0,48.0,Australia,2018,8,22,17,Happiness & Joy,72.0,"['#playful', '#carnivalescapade']",2,19,120,Oceania
"Floating on clouds of inspiration, an artist painting the sky with strokes of creativity, creating a masterpiece of dreams.",Inspired,2021-12-08 14:30:00,SkyArtist,Twitter,#Inspired #CloudsOfCreativity,18.0,36.0,India,2021,12,8,14,Creativity & Inspiration,54.0,"['#inspired', '#cloudsofcreativity']",2,19,123,Asia
"Navigating the river of contentment, a serene boat cruise through the tranquil waters of inner peace and acceptance.",Contentment,2019-04-27 09:50:00,RiverNavigator,Instagram,#Contentment #TranquilWaters,20.0,40.0,Canada,2019,4,27,9,Calm & Peace,60.0,"['#contentment', '#tranquilwaters']",2,18,116,North America
"With empathy as a lantern, wandering through the dark alleys of sorrow, illuminating the path with compassion and care.",Empathetic,2023-09-03 21:40:00,LanternWanderer,Facebook,#Empathetic #LanternOfCompassion,16.0,32.0,USA,2023,9,3,21,Love & Affection,48.0,"['#empathetic', '#lanternofcompassion']",2,19,119,North America
"A free spirit soaring on the wings of dreams, leaving trails of independence in the azure sky of boundless possibilities.",Free-spirited,2020-06-10 10:05:00,DreamSoarer,Twitter,#FreeSpirit #WingsOfDreams,22.0,44.0,UK,2020,6,10,10,Creativity & Inspiration,66.0,"['#freespirit', '#wingsofdreams']",2,20,121,Europe
"Bathed in the golden hues of gratefulness, a sunset of appreciation casting its warm glow on the landscapes of the heart.",Grateful,2022-04-01 18:30:00,SunsetAdmirer,Instagram,#Grateful #GoldenHues,19.0,38.0,Australia,2022,4,1,18,Hope & Optimism,57.0,"['#grateful', '#goldenhues']",2,21,121,Oceania
"Confident strides in the dance of life, a ballroom where self-assuredness leads, twirling through challenges with grace.",Confident,2021-01-15 13:00:00,DanceStrider,Facebook,#Confident #DanceOfLife,23.0,46.0,Canada,2021,1,15,13,Confidence & Achievement,69.0,"['#confident', '#danceoflife']",2,17,120,North America
"Hopeful whispers of wind, carrying the promises of a brighter tomorrow, a symphony of optimism in the air of possibilities.",Hopeful,2023-05-06 07:20:00,WindWhisperer,Twitter,#Hopeful #BrighterTomorrows,15.0,30.0,India,2023,5,6,7,Hope & Optimism,45.0,"['#hopeful', '#brightertomorrows']",2,20,123,Asia
"Playfully juggling responsibilities, a circus performer balancing the acts of work and joy, tossing laughter into the air.",Playful,2019-11-18 15:15:00,JugglingArtist,Instagram,#Playful #JugglingResponsibilities,25.0,50.0,USA,2019,11,18,15,Happiness & Joy,75.0,"['#playful', '#jugglingresponsibilities']",2,18,122,North America
"Whispering tales of inspiration to the stars, a storyteller crafting constellations from the threads of imagination.",Inspired,2020-08-29 20:45:00,StarStoryteller,Facebook,#Inspired #TalesToTheStars,14.0,28.0,UK,2020,8,29,20,Creativity & Inspiration,42.0,"['#inspired', '#talestothestars']",2,16,116,Europe
"Charting a course through the waves of hopeful anticipation, a sailor steering towards the shores of dreams yet unexplored.",Hopeful,2022-10-30 11:40:00,WaveNavigator,Twitter,#Hopeful #SailorOfDreams,17.0,34.0,Australia,2022,10,30,11,Hope & Optimism,51.0,"['#hopeful', '#sailorofdreams']",2,19,123,Oceania
"A compassionate rain, tears of empathy falling gently, nurturing the seeds of kindness in the garden of human connections.",Compassionate,2021-07-01 12:10:00,RainNurturer,Instagram,#Compassionate #TearsOfEmpathy,21.0,42.0,Canada,2021,7,1,12,Love & Affection,63.0,"['#compassionate', '#tearsofempathy']",2,19,122,North America
"Embraced by the hopeful dawn, a gardener sowing seeds of optimism, tending to the blooms of a brighter tomorrow.",Hopeful,2022-07-17 06:15:00,DawnGardener,Instagram,#Hopeful #SeedsOfOptimism,14.0,28.0,India,2022,7,17,6,Hope & Optimism,42.0,"['#hopeful', '#seedsofoptimism']",2,19,112,Asia
"Drowning in the abyss of despair, a heart shattered into fragments, lost in the echoing silence of hopelessness.",Despair,2021-09-15 16:00:00,ShatteredHeart,Instagram,#Despair #EchoingSilence,8.0,16.0,Canada,2021,9,15,16,Sadness & Loss,24.0,"['#despair', '#echoingsilence']",2,18,112,North America
"Bitterness festering like a venomous vine, entwining the soul in a web of resentment, poisoning the garden of peace.",Bitterness,2019-03-08 14:20:00,VenomousSoul,Facebook,#Bitterness #ResentmentWeb,12.0,24.0,UK,2019,3,8,14,Anger & Resentment,36.0,"['#bitterness', '#resentmentweb']",2,19,116,Europe
"Wandering through the desert of loneliness, each step a heavy sigh, mirages of connection shimmering but never materializing.",Loneliness,2017-07-20 11:45:00,DesertWanderer,Twitter,#Loneliness #MiragesOfConnection,15.0,30.0,USA,2017,7,20,11,Sadness & Loss,45.0,"['#loneliness', '#miragesofconnection']",2,18,125,North America
"Yearning for a touch that's not there, echoes of a distant warmth haunting the heart in the cold embrace of solitude.",Yearning,2020-11-02 19:30:00,ColdEmbrace,Instagram,#Yearning #DistantWarmth,10.0,20.0,Australia,2020,11,2,19,Love & Affection,30.0,"['#yearning', '#distantwarmth']",2,21,117,Oceania
"Eyes wide open in the night, fearful shadows dancing on the walls, the mind a prisoner of imagined horrors.",Fearful,2022-05-12 02:00:00,NightPrisoner,Facebook,#Fearful #ImaginedHorrors,18.0,36.0,India,2022,5,12,2,Fear & Anxiety,54.0,"['#fearful', '#imaginedhorrors']",2,19,107,Asia
"Apprehensive steps on the tightrope of uncertainty, a balancing act where the fall seems inevitable, anxiety a constant companion.",Apprehensive,2023-04-08 13:15:00,TightropeWalker,Twitter,#Apprehensive #BalancingAct,14.0,28.0,UK,2023,4,8,13,Fear & Anxiety,42.0,"['#apprehensive', '#balancingact']",2,19,130,Europe
"Overwhelmed by the weight of the world, Atlas with trembling shoulders, each responsibility a boulder in the landscape of exhaustion.",Overwhelmed,2021-06-25 17:50:00,AtlasBearer,Instagram,#Overwhelmed #BouldersOfExhaustion,22.0,44.0,Canada,2021,6,25,17,Fear & Anxiety,66.0,"['#overwhelmed', '#bouldersofexhaustion']",2,20,133,North America
"Jealousy, a green-eyed monster, lurking in the shadows, casting a dark cloud over the sunshine of others' success.",Jealous,2019-08-30 10:10:00,GreenMonster,Facebook,#Jealous #GreenEyedMonster,16.0,32.0,USA,2019,8,30,10,Anger & Resentment,48.0,"['#jealous', '#greeneyedmonster']",2,18,114,North America
"Devastated by the storm of betrayal, the wreckage of trust scattered like debris, a heart torn by the winds of broken promises.",Devastated,2022-08-03 15:30:00,StormSurvivor,Twitter,#Devastated #WindsOfBrokenPromises,25.0,50.0,Australia,2022,8,3,15,Sadness & Loss,75.0,"['#devastated', '#windsofbrokenpromises']",2,22,127,Oceania
"Frustrated fingers tapping on the keyboard, a symphony of annoyance composing an unsolvable puzzle of unmet expectations.",Frustrated,2020-12-17 09:20:00,PuzzleComposer,Instagram,#Frustrated #UnsolvablePuzzle,12.0,24.0,India,2020,12,17,9,Anger & Resentment,36.0,"['#frustrated', '#unsolvablepuzzle']",2,17,121,Asia
"Envious eyes fixated on the gilded prize, a heartache fueled by the painful desire for possessions that seem forever out of reach.",Envious,2021-02-28 22:45:00,GildedHeartache,Facebook,#Envious #GildedPrize,20.0,40.0,USA,2021,2,28,22,Anger & Resentment,60.0,"['#envious', '#gildedprize']",2,22,130,North America
"Dismissive glances, a fortress built with indifference, walls impenetrable to the pleas of understanding and recognition.",Dismissive,2018-05-10 14:00:00,IndifferentFort,Twitter,#Dismissive #ImpenetrableWalls,14.0,28.0,UK,2018,5,10,14,Anger & Resentment,42.0,"['#dismissive', '#impenetrablewalls']",2,16,121,Europe
"Shattered dreams lie on the floor like fragments of glass, a mosaic of disappointment crafted by the hands of frustration.",Frustrated,2022-01-07 11:10:00,DreamMosaic,Instagram,#Frustrated #MosaicOfDisappointment,15.0,30.0,Canada,2022,1,7,11,Anger & Resentment,45.0,"['#frustrated', '#mosaicofdisappointment']",2,20,122,North America
"Loneliness, a silent companion in the night, the only echo in the chamber of solitude, a heart's solitary nocturne.",Loneliness,2019-09-19 03:30:00,NocturnalEcho,Facebook,#Loneliness #SolitaryNocturne,18.0,36.0,Australia,2019,9,19,3,Sadness & Loss,54.0,"['#loneliness', '#solitarynocturne']",2,19,115,Oceania
"Fearful whispers in the dark, the mind haunted by the specter of the unknown, shadows dancing to the rhythm of anxiety's tune.",Fearful,2023-07-14 23:00:00,DarkWhispers,Twitter,#Fearful #SpecterOfTheUnknown,13.0,26.0,UK,2023,7,14,23,Fear & Anxiety,39.0,"['#fearful', '#specteroftheunknown']",2,22,126,Europe
"Bitterness, a bitter aftertaste lingering on the tongue, each word a reminder of wounds that refuse to heal with the passing of time.",Bitterness,2020-04-05 16:20:00,LingeringTaste,Instagram,#Bitterness #BitterAftertaste,10.0,20.0,India,2020,4,5,16,Anger & Resentment,30.0,"['#bitterness', '#bitteraftertaste']",2,23,133,Asia
"Overwhelmed by the cacophony of expectations, a drowning soul in the tempest of pressure, struggling to stay afloat.",Overwhelmed,2021-11-29 08:45:00,TempestSurvivor,Facebook,#Overwhelmed #DrowningSoul,20.0,40.0,USA,2021,11,29,8,Fear & Anxiety,60.0,"['#overwhelmed', '#drowningsoul']",2,18,116,North America
"Jealousy, a venom that seeps through the veins, poisoning the heart and turning it into a breeding ground for discontent.",Jealous,2019-12-12 17:00:00,VenomousHeart,Twitter,#Jealous #HeartOfDiscontent,16.0,32.0,Australia,2019,12,12,17,Anger & Resentment,48.0,"['#jealous', '#heartofdiscontent']",2,20,121,Oceania
"Devastated by the revelation of betrayal, the trust shattered like fragile glass, leaving shards of pain in its wake.",Devastated,2022-05-20 14:50:00,FragileTrust,Instagram,#Devastated #ShatteredTrust,25.0,50.0,Canada,2022,5,20,14,Sadness & Loss,75.0,"['#devastated', '#shatteredtrust']",2,19,117,North America
"Frustrated attempts to mend a broken connection, the threads of understanding slipping through the fingers like grains of sand.",Frustrated,2020-09-03 12:15:00,BrokenThreads,Facebook,#Frustrated #SlippingThreads,14.0,28.0,UK,2020,9,3,12,Anger & Resentment,42.0,"['#frustrated', '#slippingthreads']",2,19,127,Europe
"Envious gazes cast upon the podium of success, a bitter pill swallowed, the taste lingering as a constant reminder of unattained heights.",Envious,2021-02-10 19:30:00,SuccessPill,Twitter,#Envious #BitterPill,20.0,40.0,USA,2021,2,10,19,Anger & Resentment,60.0,"['#envious', '#bitterpill']",2,22,137,North America
"Dismissive gestures, a curtain drawn to shield the vulnerability, a stage where emotions take a backseat to the performance of indifference.",Dismissive,2018-08-18 14:40:00,CurtainShield,Instagram,#Dismissive #IndifferencePerformance,12.0,24.0,Australia,2018,8,18,14,Anger & Resentment,36.0,"['#dismissive', '#indifferenceperformance']",2,21,140,Oceania
"Despair like a heavy fog, enveloping every thought, blurring the path ahead, a journey in the labyrinth of utter hopelessness.",Despair,2022-02-28 21:00:00,FoggyLabyrinth,Facebook,#Despair #LabyrinthOfHopelessness,8.0,16.0,Canada,2022,2,28,21,Sadness & Loss,24.0,"['#despair', '#labyrinthofhopelessness']",2,20,126,North America
"Bitterness, a bitter chill in the air, freezing moments into icicles of resentment that dangle precariously over the landscape of memory.",Bitterness,2019-10-15 10:30:00,IcyResentment,Twitter,#Bitterness #IciclesOfResentment,15.0,30.0,UK,2019,10,15,10,Anger & Resentment,45.0,"['#bitterness', '#iciclesofresentment']",2,21,137,Europe
"Loneliness, a solitary moon in a starless sky, casting a cold glow on the landscape of isolation, where echoes bounce in empty spaces.",Loneliness,2017-12-01 18:50:00,SolitaryMoon,Instagram,#Loneliness #StarlessSky,18.0,36.0,USA,2017,12,1,18,Sadness & Loss,54.0,"['#loneliness', '#starlesssky']",2,23,134,North America
"Yearning for the warmth of a vanished sun, a heartache painted in the hues of a sunset that never graced the horizon.",Yearning,2020-04-18 16:15:00,VanishedSunset,Facebook,#Yearning #HuesOfSunset,10.0,20.0,Australia,2020,4,18,16,Love & Affection,30.0,"['#yearning', '#huesofsunset']",2,22,117,Oceania
"Fearful eyes scanning the shadows, a prisoner of the night, terrorized by the lurking monsters born from the mind's darkest corners.",Fearful,2023-01-07 03:30:00,NightPrisoner,Twitter,#Fearful #LurkingMonsters,18.0,36.0,India,2023,1,7,3,Fear & Anxiety,54.0,"['#fearful', '#lurkingmonsters']",2,21,132,Asia
"Apprehensive whispers in the wind, a forecast of uncertainty, the mind's weather vane spinning wildly in the storm of doubt.",Apprehensive,2021-06-10 10:00:00,WindWhisperer,Instagram,#Apprehensive #StormOfDoubt,14.0,28.0,Canada,2021,6,10,10,Fear & Anxiety,42.0,"['#apprehensive', '#stormofdoubt']",2,20,124,North America
"Overwhelmed by the maze of expectations, a minotaur of pressure lurking in the labyrinth, waiting to devour the spirit of resilience.",Overwhelmed,2020-02-22 15:20:00,MazeExplorer,Facebook,#Overwhelmed #MinotaurOfPressure,22.0,44.0,USA,2020,2,22,15,Fear & Anxiety,66.0,"['#overwhelmed', '#minotaurofpressure']",2,21,133,North America
"Jealousy, a festering wound, the pain intensifying with each glance at the garden of others' achievements, blooming beyond the fence.",Jealous,2018-03-17 14:45:00,WoundedGarden,Twitter,#Jealous #BloomingAchievements,16.0,32.0,UK,2018,3,17,14,Anger & Resentment,48.0,"['#jealous', '#bloomingachievements']",2,20,133,Europe
"Devastated, a heart in ruins, the echoes of shattered dreams reverberating in the chambers, a requiem for what once was whole.",Devastated,2022-10-28 11:15:00,RuinedHeart,Instagram,#Devastated #EchoesOfShatteredDreams,25.0,50.0,Australia,2022,10,28,11,Sadness & Loss,75.0,"['#devastated', '#echoesofshattereddreams']",2,21,126,Oceania
"Frustrated attempts to untangle the knot of confusion, the threads of understanding slipping further into the labyrinth of miscommunication.",Frustrated,2020-11-01 12:30:00,KnotUntangler,Facebook,#Frustrated #LabyrinthOfMiscommunication,14.0,28.0,India,2020,11,1,12,Anger & Resentment,42.0,"['#frustrated', '#labyrinthofmiscommunication']",2,19,140,Asia
"Envious eyes locked on the treasure chest of opportunities, a heartache fueled by the desire for keys that seem forever elusive.",Envious,2021-01-15 22:10:00,ElusiveKeys,Twitter,#Envious #DesireForKeys,20.0,40.0,USA,2021,1,15,22,Anger & Resentment,60.0,"['#envious', '#desireforkeys']",2,21,128,North America
"Dismissive gestures, a curtain drawn to shield the vulnerability, a stage where emotions take a backseat to the performance of indifference.",Dismissive,2018-08-18 14:00:00,IndifferentFort,Instagram,#Dismissive #IndifferencePerformance,12.0,24.0,Australia,2018,8,18,14,Anger & Resentment,36.0,"['#dismissive', '#indifferenceperformance']",2,21,140,Oceania
"Shattered dreams lie on the floor like fragments of glass, a mosaic of disappointment crafted by the hands of frustration.",Frustrated,2022-01-07 11:10:00,DreamMosaic,Twitter,#Frustrated #MosaicOfDisappointment,15.0,30.0,Canada,2022,1,7,11,Anger & Resentment,45.0,"['#frustrated', '#mosaicofdisappointment']",2,20,122,North America
Awe-struck by the breathtaking sunrise over the mountains.,Awe,2022-04-03 06:15:00,NatureAdmirer,Instagram,#Awe #BreathtakingSunrise,28.0,55.0,USA,2022,4,3,6,Admiration & Awe,83.0,"['#awe', '#breathtakingsunrise']",2,8,58,North America
Navigating through the challenges with determination.,Determination,2023-10-12 10:30:00,GoalPursuer,Twitter,#Determination #Challenges,15.0,30.0,Canada,2023,10,12,10,Confidence & Achievement,45.0,"['#determination', '#challenges']",2,6,53,North America
Nostalgia hits while flipping through an old photo album.,Nostalgia,2019-06-28 19:00:00,MemoryLane,Facebook,#Nostalgia #OldMemories,22.0,45.0,UK,2019,6,28,19,Curiosity & Reflection,67.0,"['#nostalgia', '#oldmemories']",2,9,57,Europe
Thrilled to witness the grandeur of a cultural festival.,Thrill,2020-09-15 14:45:00,CultureEnthusiast,Instagram,#Thrill #CulturalCelebration,40.0,80.0,India,2020,9,15,14,Happiness & Joy,120.0,"['#thrill', '#culturalcelebration']",2,9,56,Asia
Calmness found in the rhythm of raindrops on the windowpane.,Calmness,2017-11-08 21:20:00,RainWatcher,Twitter,#Calmness #RainyDays,18.0,35.0,Australia,2017,11,8,21,Calm & Peace,53.0,"['#calmness', '#rainydays']",2,10,60,Oceania
Overwhelmed by the support received during a personal challenge.,Overwhelmed,2021-05-20 17:30:00,PersonalJourney,Facebook,#Overwhelmed #SupportiveCommunity,25.0,50.0,USA,2021,5,20,17,Fear & Anxiety,75.0,"['#overwhelmed', '#supportivecommunity']",2,9,64,North America
Excitement builds as the countdown to a long-awaited vacation begins.,Excitement,2023-01-10 12:00:00,VacationDreamer,Instagram,#Excitement #VacationCountdown,30.0,60.0,France,2023,1,10,12,Happiness & Joy,90.0,"['#excitement', '#vacationcountdown']",2,10,69,Europe
"Reflecting on life's journey, grateful for the lessons learned.",Gratitude,2018-12-05 08:45:00,LifeLearner,Twitter,#Gratitude #LifeLessons,35.0,70.0,Brazil,2018,12,5,8,Hope & Optimism,105.0,"['#gratitude', '#lifelessons']",2,9,63,South America
Bittersweet emotions arise while bidding farewell to a dear friend.,Bittersweet,2020-03-15 18:30:00,FarewellSender,Instagram,#Bittersweet #Farewell,20.0,40.0,Japan,2020,3,15,18,Disappointment & Regret,60.0,"['#bittersweet', '#farewell']",2,10,67,Asia
Curiosity sparked by exploring a mysterious ancient ruin.,Curiosity,2016-08-22 15:10:00,HistoryExplorer,Facebook,#Curiosity #AncientDiscovery,18.0,35.0,Greece,2016,8,22,15,Curiosity & Reflection,53.0,"['#curiosity', '#ancientdiscovery']",2,8,57,Europe
Admiration for the intricate details of a handcrafted masterpiece.,Admiration,2019-08-20 16:00:00,CraftEnthusiast,Instagram,#Admiration #HandcraftedArt,25.0,50.0,USA,2019,8,20,16,Admiration & Awe,75.0,"['#admiration', '#handcraftedart']",2,9,66,North America
Overjoyed by the warmth of a cozy fireplace on a winter evening.,Overjoyed,2021-12-08 19:30:00,WinterLover,Twitter,#Overjoyed #WinterWarmth,18.0,35.0,Canada,2021,12,8,19,Happiness & Joy,53.0,"['#overjoyed', '#winterwarmth']",2,12,64,North America
Inspiration strikes while observing the colors of a vibrant sunset.,Inspiration,2020-06-10 20:45:00,SunsetWatcher,Instagram,#Inspiration #ColorfulSunset,30.0,60.0,UK,2020,6,10,20,Creativity & Inspiration,90.0,"['#inspiration', '#colorfulsunset']",2,10,67,Europe
Motivated to achieve fitness goals after an invigorating workout.,Motivation,2022-02-28 07:15:00,FitnessJunkie,Facebook,#Motivation #FitnessGoals,40.0,80.0,Australia,2022,2,28,7,Confidence & Achievement,120.0,"['#motivation', '#fitnessgoals']",2,9,65,Oceania
Gratitude for the simple joys found in a cup of morning coffee.,Gratitude,2017-04-15 08:00:00,CoffeeLover,Twitter,#Gratitude #MorningCoffee,22.0,45.0,India,2017,4,15,8,Hope & Optimism,67.0,"['#gratitude', '#morningcoffee']",2,12,63,Asia
Feeling empowered after conquering a challenging hiking trail.,Empowerment,2018-09-05 14:20:00,HikingExplorer,Instagram,#Empowerment #HikingAdventure,35.0,70.0,USA,2018,9,5,14,Confidence & Achievement,105.0,"['#empowerment', '#hikingadventure']",2,8,62,North America
Amused by the antics of playful kittens during playtime.,Amusement,2022-10-22 12:45:00,KittyObserver,Facebook,#Amusement #PlayfulKittens,15.0,30.0,Canada,2022,10,22,12,Happiness & Joy,45.0,"['#amusement', '#playfulkittens']",2,9,56,North America
Contemplating life's mysteries under the starry night sky.,Contemplation,2016-07-02 23:30:00,Stargazer,Twitter,#Contemplation #StarryNight,28.0,55.0,UK,2016,7,2,23,Curiosity & Reflection,83.0,"['#contemplation', '#starrynight']",2,8,58,Europe
Joyful reunion with long-lost friends after years of separation.,JoyfulReunion,2020-11-18 17:10:00,FriendshipRenewal,Instagram,#JoyfulReunion #Friendship,20.0,40.0,India,2020,11,18,17,Happiness & Joy,60.0,"['#joyfulreunion', '#friendship']",2,9,64,Asia
Excitement builds while preparing for a surprise celebration.,Excitement,2023-03-05 15:00:00,CelebrationPlanner,Facebook,#Excitement #SurpriseCelebration,30.0,60.0,Australia,2023,3,5,15,Happiness & Joy,90.0,"['#excitement', '#surprisecelebration']",2,8,61,Oceania
Satisfaction derived from successfully completing a DIY project.,Satisfaction,2015-12-01 11:30:00,DIYEnthusiast,Twitter,#Satisfaction #DIYProject,25.0,50.0,USA,2015,12,1,11,Calm & Peace,75.0,"['#satisfaction', '#diyproject']",2,8,64,North America
Feeling blessed for the supportive community in times of need.,Blessed,2021-09-10 09:45:00,CommunityHelper,Instagram,#Blessed #SupportiveCommunity,18.0,35.0,UK,2021,9,10,9,Hope & Optimism,53.0,"['#blessed', '#supportivecommunity']",2,10,62,Europe
Captivated by the serenity of a tranquil garden in full bloom.,Serenity,2018-05-12 14:20:00,GardenEnthusiast,Facebook,#Serenity #TranquilGarden,22.0,45.0,Canada,2018,5,12,14,Calm & Peace,67.0,"['#serenity', '#tranquilgarden']",2,11,62,North America
Anticipation for an upcoming adventure in an exotic destination.,Anticipation,2022-07-25 10:00:00,Wanderlust,Twitter,#Anticipation #AdventureAwaits,40.0,80.0,India,2022,7,25,10,Hope & Optimism,120.0,"['#anticipation', '#adventureawaits']",2,9,64,Asia
Reflecting on personal growth achieved through life experiences.,Reflection,2019-03-08 18:30:00,GrowthSeeker,Instagram,#Reflection #PersonalGrowth,35.0,70.0,USA,2019,3,8,18,Curiosity & Reflection,105.0,"['#reflection', '#personalgrowth']",2,8,64,North America
Nostalgic memories flood in while revisiting childhood favorites.,Nostalgia,2017-01-28 21:15:00,ChildhoodMemories,Facebook,#Nostalgia #ChildhoodFavorites,20.0,40.0,Australia,2017,1,28,21,Curiosity & Reflection,60.0,"['#nostalgia', '#childhoodfavorites']",2,8,65,Oceania
Appreciation for the vibrant culture experienced during travel.,Appreciation,2016-11-14 13:45:00,CultureExplorer,Twitter,#Appreciation #CulturalExperience,28.0,55.0,UK,2016,11,14,13,Hope & Optimism,83.0,"['#appreciation', '#culturalexperience']",2,8,63,Europe
Confidence soars after overcoming public speaking anxiety.,Confidence,2020-04-02 17:30:00,PublicSpeaker,Instagram,#Confidence #OvercomingAnxiety,15.0,30.0,USA,2020,4,2,17,Confidence & Achievement,45.0,"['#confidence', '#overcominganxiety']",2,7,58,North America
Contentment in the midst of a family gathering filled with laughter.,Contentment,2023-01-15 19:00:00,FamilyCelebration,Facebook,#Contentment #FamilyLaughter,25.0,50.0,Canada,2023,1,15,19,Calm & Peace,75.0,"['#contentment', '#familylaughter']",2,11,68,North America
Enthusiasm for learning new skills and expanding knowledge.,Enthusiasm,2018-08-07 12:15:00,LifelongLearner,Twitter,#Enthusiasm #SkillBuilding,30.0,60.0,India,2018,8,7,12,Happiness & Joy,90.0,"['#enthusiasm', '#skillbuilding']",2,8,59,Asia
Surprise and delight at discovering a hidden gem in the city.,Surprise,2019-10-18 16:45:00,CityExplorer,Instagram,#Surprise #HiddenGem,18.0,35.0,UK,2019,10,18,16,Surprise & Wonder,53.0,"['#surprise', '#hiddengem']",2,11,61,Europe
A sense of accomplishment after completing a challenging workout.,Accomplishment,2022-06-30 07:00:00,FitnessAchiever,Facebook,#Accomplishment #FitnessSuccess,22.0,45.0,Australia,2022,6,30,7,Confidence & Achievement,67.0,"['#accomplishment', '#fitnesssuccess']",2,9,65,Oceania
Wonderment at the beauty of a double rainbow after the rain.,Wonderment,2017-06-12 18:20:00,RainbowChaser,Twitter,#Wonderment #DoubleRainbow,35.0,70.0,USA,2017,6,12,18,Admiration & Awe,105.0,"['#wonderment', '#doublerainbow']",2,11,60,North America
Optimism for a bright future amidst challenging times.,Optimism,2021-07-05 09:30:00,FutureOptimist,Instagram,#Optimism #BrightFuture,20.0,40.0,Canada,2021,7,5,9,Hope & Optimism,60.0,"['#optimism', '#brightfuture']",2,8,54,North America
Pride in achieving a personal milestone in career progression.,Pride,2016-04-15 14:50:00,CareerAchiever,Facebook,#Pride #CareerMilestone,28.0,55.0,UK,2016,4,15,14,Confidence & Achievement,83.0,"['#pride', '#careermilestone']",2,9,62,Europe
Happiness blooms like flowers in a garden on a sunny day.,Happiness,2020-02-10 11:15:00,SunnyDayEnthusiast,Twitter,#Happiness #SunnyDay,15.0,30.0,India,2020,2,10,11,Happiness & Joy,45.0,"['#happiness', '#sunnyday']",2,11,57,Asia
Elation over discovering a rare book in a quaint bookstore.,Elation,2018-09-22 16:30:00,Bookworm,Instagram,#Elation #RareBookDiscovery,40.0,80.0,USA,2018,9,22,16,Happiness & Joy,120.0,"['#elation', '#rarebookdiscovery']",2,10,59,North America
Curiosity piqued by the mysteries of an ancient archaeological site.,Curiosity,2015-11-08 10:00:00,ArchaeologyEnthusiast,Facebook,#Curiosity #AncientMysteries,18.0,35.0,Australia,2015,11,8,10,Curiosity & Reflection,53.0,"['#curiosity', '#ancientmysteries']",2,10,68,Oceania
Mesmerized by the cosmic dance of fireflies on a moonlit night.,Enchantment,2022-08-10 22:00:00,NightSkyObserver,Instagram,#Enchantment #CosmicFireflies,25.0,50.0,Brazil,2022,8,10,22,Admiration & Awe,75.0,"['#enchantment', '#cosmicfireflies']",2,11,63,South America
Intrigued by the symphony of colors in an abstract art exhibition.,Intrigue,2019-04-05 17:30:00,ArtConnoisseur,Twitter,#Intrigue #AbstractArt,18.0,35.0,France,2019,4,5,17,Creativity & Inspiration,53.0,"['#intrigue', '#abstractart']",2,11,66,Europe
Giggles and joy echo in the air during a children's playdate.,PlayfulJoy,2020-12-15 15:45:00,PlayfulParent,Facebook,#PlayfulJoy #ChildrensPlaydate,22.0,45.0,Japan,2020,12,15,15,Happiness & Joy,67.0,"['#playfuljoy', '#childrensplaydate']",2,11,61,Asia
Enveloped in serenity while practicing mindfulness by the lake.,Mindfulness,2017-10-20 08:15:00,ZenSeeker,Instagram,#Mindfulness #LakeTranquility,35.0,70.0,Canada,2017,10,20,8,Calm & Peace,105.0,"['#mindfulness', '#laketranquility']",2,9,63,North America
Chasing dreams like a kite soaring high in the vast open sky.,DreamChaser,2021-02-28 13:00:00,SkyDreamer,Twitter,#DreamChaser #SkyHighDreams,30.0,60.0,Australia,2021,2,28,13,Experience & Theme,90.0,"['#dreamchaser', '#skyhighdreams']",2,12,61,Oceania
Spellbound by the elegance of a ballroom dance under crystal chandeliers.,Elegance,2018-06-12 20:30:00,DanceEnthusiast,Facebook,#Elegance #BallroomDance,28.0,55.0,UK,2018,6,12,20,Creativity & Inspiration,83.0,"['#elegance', '#ballroomdance']",2,11,73,Europe
Whimsical delight in a world of fairy tales and magical creatures.,Whimsy,2016-03-08 14:20:00,FairyTaleExplorer,Instagram,#Whimsy #MagicalWorld,20.0,40.0,USA,2016,3,8,14,Creativity & Inspiration,60.0,"['#whimsy', '#magicalworld']",2,11,66,North America
Pensive contemplation amid the ancient ruins of a forgotten civilization.,Pensive,2023-04-18 17:10:00,RuinsExplorer,Twitter,#Pensive #AncientCivilization,18.0,35.0,Greece,2023,4,18,17,Curiosity & Reflection,53.0,"['#pensive', '#ancientcivilization']",2,10,73,Europe
Embracing the thrill of speed on a rollercoaster's exhilarating twists.,Thrill,2020-07-25 12:45:00,RollercoasterFan,Facebook,#Thrill #RollercoasterAdventure,22.0,45.0,Germany,2020,7,25,12,Happiness & Joy,67.0,"['#thrill', '#rollercoasteradventure']",2,10,71,Europe
Harmony resonates as musicians play a melody of unity and togetherness.,Harmony,2019-11-30 19:30:00,MusicHarmonist,Instagram,#Harmony #MusicalUnity,35.0,70.0,Sweden,2019,11,30,19,Calm & Peace,105.0,"['#harmony', '#musicalunity']",2,11,71,Europe
A burst of creativity in the quiet solitude of an artist's studio.,Creativity,2015-09-01 16:00:00,StudioArtist,Twitter,#Creativity #ArtistsHaven,15.0,30.0,Italy,2015,9,1,16,Creativity & Inspiration,45.0,"['#creativity', '#artistshaven']",2,12,66,Europe
Radiant joy akin to blooming flowers on a sun-kissed spring morning.,Radiance,2022-05-05 10:15:00,SpringEnthusiast,Facebook,#Radiance #SpringBlooms,25.0,50.0,Netherlands,2022,5,5,10,Happiness & Joy,75.0,"['#radiance', '#springblooms']",2,11,68,Europe
A sense of wonder at the vastness of the cosmos on a stargazing night.,Wonder,2018-07-08 23:00:00,CosmosExplorer,Instagram,#Wonder #StargazingAdventure,40.0,80.0,South Africa,2018,7,8,23,Admiration & Awe,120.0,"['#wonder', '#stargazingadventure']",2,14,70,Africa
Rejuvenated by the salty breeze and the sound of waves at the seaside.,Rejuvenation,2021-09-20 14:30:00,SeaBreezeLover,Twitter,#Rejuvenation #SeasideEscape,18.0,35.0,Spain,2021,9,20,14,Calm & Peace,53.0,"['#rejuvenation', '#seasideescape']",2,13,70,Europe
Whispers of inspiration from the rustling leaves in a serene forest.,Inspiration,2016-11-15 11:45:00,ForestDreamer,Facebook,#Inspiration #ForestWhispers,28.0,55.0,Portugal,2016,11,15,11,Creativity & Inspiration,83.0,"['#inspiration', '#forestwhispers']",2,11,68,Europe
Savoring the warmth of a cup of cocoa on a chilly winter evening.,Coziness,2020-01-12 18:00:00,WinterWarmth,Instagram,#Coziness #WarmWinterEvening,30.0,60.0,Switzerland,2020,1,12,18,Calm & Peace,90.0,"['#coziness', '#warmwinterevening']",2,13,65,Europe
Heartfelt gratitude for the laughter shared during a family reunion.,Gratitude,2017-12-28 19:15:00,FamilyGatherer,Facebook,#Gratitude #FamilyLaughter,22.0,45.0,Austria,2017,12,28,19,Hope & Optimism,67.0,"['#gratitude', '#familylaughter']",2,10,68,Europe
"Embarking on a culinary adventure, savoring exotic flavors around the world.",Adventure,2019-03-02 20:20:00,CulinaryExplorer,Twitter,#Adventure #CulinaryJourney,35.0,70.0,Belgium,2019,3,2,20,Experience & Theme,105.0,"['#adventure', '#culinaryjourney']",2,11,76,Europe
Euphoria floods in as the final puzzle piece clicks into place.,Euphoria,2022-06-08 15:30:00,PuzzleSolver,Instagram,#Euphoria #PuzzleCompletion,20.0,40.0,Denmark,2022,6,8,15,Happiness & Joy,60.0,"['#euphoria', '#puzzlecompletion']",2,11,63,Europe
Awe-inspired by the grandeur of an ancient cathedral's intricate architecture.,Awe,2018-08-18 14:45:00,CathedralVisitor,Facebook,#Awe #ArchitecturalGrandeur,18.0,35.0,Czech Republic,2018,8,18,14,Admiration & Awe,53.0,"['#awe', '#architecturalgrandeur']",2,10,78,Europe
Captivated by the ethereal beauty of a field filled with fireflies.,Enchantment,2022-08-10 22:00:00,NightSkyObserver,Instagram,#Enchantment #FireflyField,25.0,50.0,Brazil,2022,8,10,22,Admiration & Awe,75.0,"['#enchantment', '#fireflyfield']",2,11,67,South America
Immersed in the enchanting melodies of a street musician's violin.,Melodic,2019-04-05 17:30:00,MusicLover,Twitter,#Melodic #StreetMusic,18.0,35.0,France,2019,4,5,17,Creativity & Inspiration,53.0,"['#melodic', '#streetmusic']",2,10,66,Europe
Joyful laughter resonates through a lively summer carnival.,FestiveJoy,2020-12-15 15:45:00,CarnivalGoer,Facebook,#FestiveJoy #SummerCarnival,22.0,45.0,Japan,2020,12,15,15,Happiness & Joy,67.0,"['#festivejoy', '#summercarnival']",2,8,59,Asia
Exploring the universe within during a mindful meditation session.,InnerJourney,2017-10-20 08:15:00,MindfulExplorer,Instagram,#InnerJourney #MeditationBliss,35.0,70.0,Canada,2017,10,20,8,Curiosity & Reflection,105.0,"['#innerjourney', '#meditationbliss']",2,9,66,North America
Soaring like a free spirit on the winds of a coastal cliff.,Freedom,2021-02-28 13:00:00,CoastalExplorer,Twitter,#Freedom #CoastalAdventure,30.0,60.0,Australia,2021,2,28,13,Hope & Optimism,90.0,"['#freedom', '#coastaladventure']",2,12,59,Oceania
Dazzled by the elegance of a masquerade ball's dazzling costumes.,Dazzle,2018-06-12 20:30:00,MasqueradeAttendee,Facebook,#Dazzle #MasqueradeElegance,28.0,55.0,UK,2018,6,12,20,Admiration & Awe,83.0,"['#dazzle', '#masqueradeelegance']",2,10,65,Europe
Whimsical delight in a world of whimsical fairy tales.,Whimsy,2016-03-08 14:20:00,FairyTaleAdventurer,Instagram,#Whimsy #FairyTaleMagic,20.0,40.0,USA,2016,3,8,14,Creativity & Inspiration,60.0,"['#whimsy', '#fairytalemagic']",2,9,54,North America
Reflective contemplation amid the ruins of a forgotten era.,Reflection,2023-04-18 17:10:00,RuinsExplorer,Twitter,#Reflection #ForgottenEra,18.0,35.0,Greece,2023,4,18,17,Curiosity & Reflection,53.0,"['#reflection', '#forgottenera']",2,9,59,Europe
Riding the adrenaline rush on a rollercoaster's wild twists.,Adrenaline,2020-07-25 12:45:00,ThrillSeeker,Facebook,#Adrenaline #RollercoasterThrills,22.0,45.0,Germany,2020,7,25,12,Energy & Arousal,67.0,"['#adrenaline', '#rollercoasterthrills']",2,9,60,Europe
Harmony resonates as musicians play a symphony of unity.,Harmony,2019-11-30 19:30:00,MusicHarmonist,Instagram,#Harmony #MusicalUnity,35.0,70.0,Sweden,2019,11,30,19,Calm & Peace,105.0,"['#harmony', '#musicalunity']",2,9,56,Europe
A burst of artistic creativity in the quietude of an artist's studio.,ArtisticBurst,2015-09-01 16:00:00,StudioArtist,Twitter,#ArtisticBurst #StudioCreativity,15.0,30.0,Italy,2015,9,1,16,Creativity & Inspiration,45.0,"['#artisticburst', '#studiocreativity']",2,12,69,Europe
Radiant joy akin to blossoming flowers on a sunlit spring morning.,Radiance,2022-05-05 10:15:00,SpringEnthusiast,Facebook,#Radiance #SpringBlooms,25.0,50.0,Netherlands,2022,5,5,10,Happiness & Joy,75.0,"['#radiance', '#springblooms']",2,11,66,Europe
Awe-inspired by the vastness of the cosmos on a stargazing night.,Wonder,2018-07-08 23:00:00,CosmosExplorer,Instagram,#Wonder #StargazingAdventure,40.0,80.0,South Africa,2018,7,8,23,Admiration & Awe,120.0,"['#wonder', '#stargazingadventure']",2,11,65,Africa
"Embarking on a culinary odyssey, savoring flavors around the world.",CulinaryOdyssey,2019-03-02 20:20:00,CulinaryExplorer,Twitter,#CulinaryOdyssey #FlavorsAroundTheWorld,35.0,70.0,Belgium,2019,3,2,20,Experience & Theme,105.0,"['#culinaryodyssey', '#flavorsaroundtheworld']",2,10,67,Europe
Euphoria floods in as the final puzzle piece fits perfectly.,Euphoria,2022-06-08 15:30:00,PuzzleSolver,Instagram,#Euphoria #PerfectPuzzle,20.0,40.0,Denmark,2022,6,8,15,Happiness & Joy,60.0,"['#euphoria', '#perfectpuzzle']",2,10,60,Europe
Awe-struck by the grandeur of an ancient cathedral's intricate architecture.,Awe,2018-08-18 14:45:00,CathedralVisitor,Facebook,#Awe #ArchitecturalGrandeur,18.0,35.0,Czech Republic,2018,8,18,14,Admiration & Awe,53.0,"['#awe', '#architecturalgrandeur']",2,10,76,Europe
Curiosity awakened by the mysteries of an ancient archaeological site.,Curiosity,2015-11-08 10:00:00,ArchaeologyEnthusiast,Instagram,#Curiosity #AncientMysteries,18.0,35.0,Australia,2015,11,8,10,Curiosity & Reflection,53.0,"['#curiosity', '#ancientmysteries']",2,10,70,Oceania
Giddy with excitement as the first snowflakes dance from the sky.,Excitement,2020-12-02 17:30:00,SnowfallEnthusiast,Twitter,#Excitement #SnowfallMagic,22.0,45.0,Canada,2020,12,2,17,Happiness & Joy,67.0,"['#excitement', '#snowfallmagic']",2,11,65,North America
Contentment envelops as the aroma of freshly baked bread fills the air.,Contentment,2017-06-10 12:15:00,BreadLover,Instagram,#Contentment #FreshBreadAroma,28.0,55.0,France,2017,6,10,12,Calm & Peace,83.0,"['#contentment', '#freshbreadaroma']",2,12,71,Europe
Inspired by the resilience of a lone tree standing tall in a storm.,Resilience,2021-04-15 14:20:00,NatureResilient,Facebook,#Resilience #StandingTall,35.0,70.0,USA,2021,4,15,14,Confidence & Achievement,105.0,"['#resilience', '#standingtall']",2,13,67,North America
"Lost in the pages of a captivating novel, transported to another world.",Immersion,2019-09-28 19:45:00,Bookworm,Twitter,#Immersion #CaptivatingNovel,20.0,40.0,UK,2019,9,28,19,Experience & Theme,60.0,"['#immersion', '#captivatingnovel']",2,12,71,Europe
Drenched in nostalgia while flipping through an old family photo album.,Nostalgia,2016-12-05 21:00:00,FamilyHistorian,Instagram,#Nostalgia #FamilyPhotoAlbum,25.0,50.0,India,2016,12,5,21,Curiosity & Reflection,75.0,"['#nostalgia', '#familyphotoalbum']",2,11,71,Asia
Spark of inspiration ignites like a shooting star in the night sky.,Spark,2018-02-10 23:30:00,NightSkyWatcher,Facebook,#Spark #InspirationIgnited,30.0,60.0,Australia,2018,2,10,23,Happiness & Joy,90.0,"['#spark', '#inspirationignited']",2,12,67,Oceania
Imbued with gratitude for the simple pleasure of a warm cup of tea.,Gratitude,2023-02-15 08:30:00,TeaEnthusiast,Twitter,#Gratitude #WarmTea,18.0,35.0,Japan,2023,2,15,8,Hope & Optimism,53.0,"['#gratitude', '#warmtea']",2,13,67,Asia
Marveling at the kaleidoscope of colors in a vibrant street market.,Marvel,2015-08-22 15:00:00,MarketExplorer,Instagram,#Marvel #ColorfulStreetMarket,22.0,45.0,Brazil,2015,8,22,15,Admiration & Awe,67.0,"['#marvel', '#colorfulstreetmarket']",2,11,67,South America
Awash with serenity as the sun sets over a tranquil lakeside retreat.,Serenity,2020-11-20 18:45:00,LakesideRetreater,Facebook,#Serenity #TranquilSunset,28.0,55.0,Germany,2020,11,20,18,Calm & Peace,83.0,"['#serenity', '#tranquilsunset']",2,12,69,Europe
Drowning in sorrow as memories of lost love resurface.,Heartbreak,2019-08-05 21:00:00,LostInLove,Instagram,#Heartbreak #LostLove,15.0,30.0,USA,2019,8,5,21,Sadness & Loss,45.0,"['#heartbreak', '#lostlove']",2,9,54,North America
Numbness sets in as the weight of loneliness grows heavier.,Loneliness,2021-02-12 16:45:00,SolitudeSeeker,Twitter,#Loneliness #HeavyHeart,18.0,35.0,Canada,2021,2,12,16,Sadness & Loss,53.0,"['#loneliness', '#heavyheart']",2,10,59,North America
"Tears fall like raindrops, mourning the end of a cherished friendship.",Grief,2020-11-28 14:20:00,FriendshipsEnd,Facebook,#Grief #LostFriendship,22.0,45.0,UK,2020,11,28,14,Sadness & Loss,67.0,"['#grief', '#lostfriendship']",2,11,70,Europe
"Despair clouds the mind, feeling adrift in an endless sea of darkness.",Despair,2016-05-15 22:30:00,LostInDarkness,Instagram,#Despair #EndlessDarkness,28.0,55.0,Australia,2016,5,15,22,Sadness & Loss,83.0,"['#despair', '#endlessdarkness']",2,12,70,Oceania
"Shattered by betrayal, trust crumbles like fragile glass.",Betrayal,2018-09-10 13:15:00,BrokenTrust,Twitter,#Betrayal #ShatteredTrust,22.0,45.0,Germany,2018,9,10,13,Anger & Resentment,67.0,"['#betrayal', '#shatteredtrust']",2,8,57,Europe
"Aching heart, the symphony of pain plays in the silence of solitude.",Suffering,2022-03-20 19:30:00,SilentSufferer,Facebook,#Suffering #HeartacheSymphony,25.0,50.0,Brazil,2022,3,20,19,Sadness & Loss,75.0,"['#suffering', '#heartachesymphony']",2,12,68,South America
"Emotional storm, a whirlwind of sadness engulfs every thought.",EmotionalStorm,2017-07-18 17:45:00,StormyFeelings,Instagram,#EmotionalStorm #SadnessWhirlwind,30.0,60.0,India,2017,7,18,17,Fear & Anxiety,90.0,"['#emotionalstorm', '#sadnesswhirlwind']",2,9,62,Asia
"Haunted by regrets, the ghost of the past lingers relentlessly.",Regret,2018-12-15 10:00:00,LingeringGhost,Twitter,#Regret #HauntedPast,18.0,35.0,France,2018,12,15,10,Disappointment & Regret,53.0,"['#regret', '#hauntedpast']",2,10,63,Europe
"Torn apart by grief, the echoes of loss reverberate through the soul.",Grief,2015-06-28 21:15:00,EchoesOfLoss,Facebook,#Grief #TornApart,28.0,55.0,Italy,2015,6,28,21,Sadness & Loss,83.0,"['#grief', '#tornapart']",2,12,69,Europe
"Isolation deepens, an emotional winter where warmth is but a distant memory.",Isolation,2020-04-02 14:20:00,WinterOfEmotions,Instagram,#Isolation #EmotionalWinter,35.0,70.0,Japan,2020,4,2,14,Sadness & Loss,105.0,"['#isolation', '#emotionalwinter']",2,12,76,Asia
"Soul-crushing disappointment, hopes shattered like fragile glass.",Disappointment,2019-10-08 18:30:00,ShatteredHopes,Twitter,#Disappointment #CrushedHopes,20.0,40.0,Spain,2019,10,8,18,Sadness & Loss,60.0,"['#disappointment', '#crushedhopes']",2,7,65,Europe
"Painful echoes of a love once cherished, now lost in the abyss of time.",LostLove,2016-11-22 09:45:00,AbyssOfTime,Facebook,#LostLove #PainfulEchoes,22.0,45.0,Netherlands,2016,11,22,9,Love & Affection,67.0,"['#lostlove', '#painfulechoes']",2,14,71,Europe
"Heartache deepens, a solitary journey through the abyss of despair.",Despair,2022-08-18 22:00:00,SolitaryDescent,Instagram,#Despair #AbyssOfHeartache,40.0,80.0,South Africa,2022,8,18,22,Sadness & Loss,120.0,"['#despair', '#abyssofheartache']",2,10,67,Africa
"Melancholy lingers, a bittersweet serenade in the quietude of solitude.",Melancholy,2017-03-12 23:30:00,SerenadeOfSolitude,Twitter,#Melancholy #QuietSerenade,18.0,35.0,UK,2017,3,12,23,Sadness & Loss,53.0,"['#melancholy', '#quietserenade']",2,10,71,Europe
"Bitterness like a poison, seeping into every crevice of the wounded heart.",Bitterness,2015-12-15 16:15:00,PoisonedHeart,Facebook,#Bitterness #WoundedHeart,25.0,50.0,Australia,2015,12,15,16,Anger & Resentment,75.0,"['#bitterness', '#woundedheart']",2,12,74,Oceania
"Emotional exhaustion, the weight of the world crushing weary shoulders.",Exhaustion,2021-09-05 13:30:00,WearySoulCrushed,Instagram,#Exhaustion #CrushedSpirit,35.0,70.0,Canada,2021,9,5,13,Sadness & Loss,105.0,"['#exhaustion', '#crushedspirit']",2,10,71,North America
"Sorrowful echoes, a symphony of pain played by the strings of loss.",Sorrow,2018-05-22 20:45:00,StringsOfSorrow,Twitter,#Sorrow #SymphonyOfLoss,18.0,35.0,Germany,2018,5,22,20,Sadness & Loss,53.0,"['#sorrow', '#symphonyofloss']",2,12,67,Europe
"Darkness descends, engulfing the soul in the shadows of despair.",Darkness,2016-07-10 18:20:00,SoulInShadow,Facebook,#Darkness #SoulEngulfed,28.0,55.0,USA,2016,7,10,18,Sadness & Loss,83.0,"['#darkness', '#soulengulfed']",2,10,64,North America
"Desperation whispers, the silent plea for a glimmer of hope in the abyss.",Desperation,2019-04-30 14:00:00,WhisperedDespair,Instagram,#Desperation #GlimmerOfHope,22.0,45.0,France,2019,4,30,14,Sadness & Loss,67.0,"['#desperation', '#glimmerofhope']",2,13,73,Europe
"Heart in ruins, the remnants of shattered dreams scattered in the wind.",Ruins,2022-01-08 11:30:00,DreamsInWind,Twitter,#Ruins #ShatteredDreams,20.0,40.0,Brazil,2022,1,8,11,Sadness & Loss,60.0,"['#ruins', '#shattereddreams']",2,12,71,South America
"Shattered by the echoes of a shattered dream, fragments of hope scattered.",Desolation,2017-09-10 19:15:00,DreamEchoes,Twitter,#Desolation #ScatteredHope,20.0,40.0,Australia,2017,9,10,19,Sadness & Loss,60.0,"['#desolation', '#scatteredhope']",2,12,74,Oceania
"Avoiding the thorns of regret, walking barefoot on the path of remorse.",Regret,2022-04-18 11:30:00,RemorseWalker,Instagram,#Regret #PathOfRemorse,25.0,50.0,Canada,2022,4,18,11,Disappointment & Regret,75.0,"['#regret', '#pathofremorse']",2,12,71,North America
"In the labyrinth of grief, the walls echo with the footsteps of lost joy.",Grief,2018-12-05 21:45:00,JoyLabyrinth,Facebook,#Grief #LostJoyFootsteps,18.0,35.0,USA,2018,12,5,21,Sadness & Loss,53.0,"['#grief', '#lostjoyfootsteps']",2,14,73,North America
"A soul adrift in the sea of solitude, waves of loneliness crashing relentlessly.",Loneliness,2016-06-28 14:20:00,SolitudeSeas,Twitter,#Loneliness #CrashingWaves,22.0,45.0,UK,2016,6,28,14,Sadness & Loss,67.0,"['#loneliness', '#crashingwaves']",2,13,80,Europe
"The bitterness of betrayal, a taste that lingers, staining the palate of trust.",Bitterness,2019-10-22 17:00:00,PalateStainer,Instagram,#Bitterness #StainedTrust,15.0,30.0,Germany,2019,10,22,17,Anger & Resentment,45.0,"['#bitterness', '#stainedtrust']",2,13,79,Europe
"In the ruins of hope, echoes of shattered dreams whisper tales of loss.",Desolation,2021-03-15 22:45:00,HopeRuins,Facebook,#Desolation #WhisperedLoss,28.0,55.0,Brazil,2021,3,15,22,Sadness & Loss,83.0,"['#desolation', '#whisperedloss']",2,13,71,South America
"Sinking like a stone in the ocean of heartbreak, each ripple a sigh of despair.",Heartbreak,2017-08-10 19:30:00,OceanSinker,Twitter,#Heartbreak #RippleOfDespair,22.0,45.0,France,2017,8,10,19,Sadness & Loss,67.0,"['#heartbreak', '#rippleofdespair']",2,15,79,Europe
"Tears, the ink staining the pages of a journal, a testament to silent grief.",Grief,2023-01-28 14:30:00,InkJournalist,Instagram,#Grief #SilentTears,30.0,60.0,India,2023,1,28,14,Sadness & Loss,90.0,"['#grief', '#silenttears']",2,14,76,Asia
"In the wasteland of lost trust, the echoes of broken promises reverberate.",Betrayal,2016-12-12 10:00:00,TrustWasteland,Facebook,#Betrayal #ReverberatingPromises,25.0,50.0,Italy,2016,12,12,10,Anger & Resentment,75.0,"['#betrayal', '#reverberatingpromises']",2,12,74,Europe
"Avoiding the shards of shattered dreams, walking the tightrope of resilience.",Resilience,2020-07-18 15:15:00,DreamTightrope,Twitter,#Resilience #TightropeWalk,35.0,70.0,Japan,2020,7,18,15,Confidence & Achievement,105.0,"['#resilience', '#tightropewalk']",2,11,77,Asia
"Suffocating in the silence of solitude, where echoes of laughter once thrived.",Isolation,2022-05-20 20:30:00,EchoedLaughter,Instagram,#Isolation #SilentSolitude,30.0,60.0,South Africa,2022,5,20,20,Sadness & Loss,90.0,"['#isolation', '#silentsolitude']",2,12,78,Africa
"Haunted by the specter of lost possibilities, a ghost that refuses to fade away.",Regret,2019-11-08 14:45:00,PossibilityGhost,Twitter,#Regret #FadingPossibilities,18.0,35.0,Spain,2019,11,8,14,Disappointment & Regret,53.0,"['#regret', '#fadingpossibilities']",2,14,80,Europe
"In the labyrinth of despair, the echoes of a broken heart reverberate endlessly.",Despair,2017-03-28 22:00:00,EndlessLabyrinth,Facebook,#Despair #EndlessReverberation,28.0,55.0,Australia,2017,3,28,22,Sadness & Loss,83.0,"['#despair', '#endlessreverberation']",2,13,80,Oceania
"Sinking like autumn leaves in the river of sorrow, carried away by the current.",Sorrow,2020-09-15 18:15:00,RiverOfSorrow,Instagram,#Sorrow #AutumnLeaves,22.0,45.0,Canada,2020,9,15,18,Sadness & Loss,67.0,"['#sorrow', '#autumnleaves']",2,14,79,North America
"In the garden of broken dreams, petals fall, a silent testimony to shattered hopes.",Desolation,2018-06-10 13:30:00,DreamGardener,Twitter,#Desolation #ShatteredHopes,20.0,40.0,UK,2018,6,10,13,Sadness & Loss,60.0,"['#desolation', '#shatteredhopes']",2,14,83,Europe
"Tears, the currency of grief, spent in the marketplace of lost love and longing.",Grief,2016-12-22 21:45:00,CurrencyOfTears,Facebook,#Grief #LostLoveLonging,25.0,50.0,USA,2016,12,22,21,Sadness & Loss,75.0,"['#grief', '#lostlovelonging']",2,14,80,North America
"Wandering in the maze of betrayal, the walls closing in with every wrong turn.",Betrayal,2021-01-05 16:20:00,MazeWanderer,Instagram,#Betrayal #ClosingWalls,15.0,30.0,Germany,2021,1,5,16,Anger & Resentment,45.0,"['#betrayal', '#closingwalls']",2,14,78,Europe
"A soul weathered by the storm of heartbreak, seeking refuge in the calm after.",Heartbreak,2019-04-18 11:00:00,StormSeeker,Twitter,#Heartbreak #CalmAfterStorm,22.0,45.0,Brazil,2019,4,18,11,Sadness & Loss,67.0,"['#heartbreak', '#calmafterstorm']",2,14,78,South America
"In the tapestry of despair, threads of hope unravel, leaving a portrait of sorrow.",Despair,2017-08-28 19:30:00,TapestrySorrow,Facebook,#Despair #UnraveledHope,18.0,35.0,India,2017,8,28,19,Sadness & Loss,53.0,"['#despair', '#unraveledhope']",2,14,82,Asia
"Like a withered rose in the garden of love, petals fall, a silent surrender to time.",Loss,2023-02-10 14:30:00,WitheredRose,Instagram,#Loss #SilentSurrender,28.0,55.0,France,2023,2,10,14,Sadness & Loss,83.0,"['#loss', '#silentsurrender']",2,16,84,Europe
"In the void of heartache, echoes of a love song play, each note a pang of longing.",Heartache,2022-07-10 22:15:00,LoveSongEcho,Instagram,#Heartache #LoveSongLonging,30.0,60.0,Japan,2022,7,10,22,Sadness & Loss,90.0,"['#heartache', '#lovesonglonging']",2,17,82,Asia
"Nostalgia, a bittersweet dance in the moonlit ballroom of cherished memories.",Nostalgia,2019-05-15 21:30:00,MoonlitMemories,Twitter,#Nostalgia #CherishedMemories,18.0,35.0,Italy,2019,5,15,21,Curiosity & Reflection,53.0,"['#nostalgia', '#cherishedmemories']",2,11,77,Europe
"In the symphony of grief, each tear is a note, composing a melancholic melody.",Grief,2018-11-28 14:00:00,SymphonyOfTears,Facebook,#Grief #MelancholicMelody,22.0,45.0,Germany,2018,11,28,14,Sadness & Loss,67.0,"['#grief', '#melancholicmelody']",2,14,78,Europe
"Betrayal, a venomous serpent slithering through the garden of trust, poisoning roots.",Betrayal,2021-03-02 17:45:00,VenomousGarden,Instagram,#Betrayal #PoisonedTrust,25.0,50.0,Canada,2021,3,2,17,Anger & Resentment,75.0,"['#betrayal', '#poisonedtrust']",2,12,85,North America
"Sinking in the quicksand of despair, the harder you fight, the deeper you descend.",Despair,2016-10-18 19:30:00,QuicksandFighter,Twitter,#Despair #DeepDescent,20.0,40.0,USA,2016,10,18,19,Sadness & Loss,60.0,"['#despair', '#deepdescent']",2,14,82,North America
"Wandering through the cemetery of lost dreams, tombstones marking untold sorrows.",Desolation,2020-08-15 12:30:00,DreamCemetery,Facebook,#Desolation #UntoldSorrows,28.0,55.0,France,2020,8,15,12,Sadness & Loss,83.0,"['#desolation', '#untoldsorrows']",2,11,81,Europe
"Swept away by the river of regret, the currents of the past refusing to release.",Regret,2017-04-28 16:20:00,RegretRiver,Instagram,#Regret #PastCurrents,18.0,35.0,UK,2017,4,28,16,Disappointment & Regret,53.0,"['#regret', '#pastcurrents']",2,15,80,Europe
"Whispers of lost love linger in the attic of the heart, forgotten but not erased.",Loss,2019-09-10 21:00:00,HeartAttic,Twitter,#Loss #ForgottenLove,22.0,45.0,Australia,2019,9,10,21,Sadness & Loss,67.0,"['#loss', '#forgottenlove']",2,15,81,Oceania
"In the gallery of broken promises, each shattered vow framed, a painful exhibition.",Betrayal,2022-01-28 13:45:00,PromiseGallery,Facebook,#Betrayal #ShatteredVows,15.0,30.0,Brazil,2022,1,28,13,Anger & Resentment,45.0,"['#betrayal', '#shatteredvows']",2,13,83,South America
"The echoes of solitude, a silent conversation between a soul and its shadows.",Solitude,2016-06-15 22:30:00,EchoedConversation,Instagram,#Solitude #ShadowConversation,30.0,60.0,Spain,2016,6,15,22,Sadness & Loss,90.0,"['#solitude', '#shadowconversation']",2,13,77,Europe
"Dancing on sunshine, each step a celebration of the joy found in simple moments.",Joy,2021-08-20 15:45:00,SunshineDancer,Instagram,#Joy #SimpleMoments,40.0,80.0,USA,2021,8,20,15,Happiness & Joy,120.0,"['#joy', '#simplemoments']",2,14,80,North America
"Laughter echoes in the air, a chorus of happiness that lifts the spirit higher.",Happiness,2018-04-12 18:30:00,EchoedLaughter,Twitter,#Happiness #SpiritLifter,35.0,70.0,Canada,2018,4,12,18,Happiness & Joy,105.0,"['#happiness', '#spiritlifter']",2,14,79,North America
"In the garden of contentment, each bloom whispers tales of inner peace and joy.",Contentment,2022-02-15 12:20:00,GardenOfJoy,Facebook,#Contentment #InnerPeace,25.0,50.0,UK,2022,2,15,12,Calm & Peace,75.0,"['#contentment', '#innerpeace']",2,14,79,Europe
"Chasing dreams under the vibrant sky, a journey fueled by hope and enthusiasm.",Enthusiasm,2019-10-28 14:15:00,DreamChaser,Instagram,#Enthusiasm #HopefulJourney,30.0,60.0,Australia,2019,10,28,14,Happiness & Joy,90.0,"['#enthusiasm', '#hopefuljourney']",2,13,78,Oceania
"Serenading the stars with a heart full of gratitude, a melody of thankfulness.",Gratitude,2017-12-22 21:00:00,StarSerenader,Twitter,#Gratitude #ThankfulMelody,22.0,45.0,India,2017,12,22,21,Hope & Optimism,67.0,"['#gratitude', '#thankfulmelody']",2,13,78,Asia
"Basking in the glow of accomplishment, each milestone a stepping stone to happiness.",Accomplishment,2020-06-10 17:30:00,GlowAchiever,Facebook,#Accomplishment #HappinessMilestone,28.0,55.0,Germany,2020,6,10,17,Confidence & Achievement,83.0,"['#accomplishment', '#happinessmilestone']",2,13,84,Europe
"In the dance of positivity, every step is a rhythm, uplifting the soul in harmony.",Positivity,2016-09-18 19:45:00,DanceHarmony,Instagram,#Positivity #SoulUpliftment,18.0,35.0,France,2016,9,18,19,Happiness & Joy,53.0,"['#positivity', '#soulupliftment']",2,15,82,Europe
"Overflowing with joy, a cup of laughter shared with friends, a moment cherished.",Joy,2023-03-10 14:30:00,LaughterCup,Twitter,#Joy #CherishedMoment,20.0,40.0,Japan,2023,3,10,14,Happiness & Joy,60.0,"['#joy', '#cherishedmoment']",2,13,80,Asia
"Draped in the warmth of kindness, a quilt of compassion stitched with love.",Kindness,2019-05-05 12:15:00,QuiltedCompassion,Facebook,#Kindness #LoveStitches,25.0,50.0,Brazil,2019,5,5,12,Love & Affection,75.0,"['#kindness', '#lovestitches']",2,13,75,South America
"In the garden of friendships, each bloom a testament to the beauty of camaraderie.",Friendship,2018-08-28 16:00:00,FriendshipGarden,Instagram,#Friendship #CamaraderieBlooms,30.0,60.0,South Africa,2018,8,28,16,Love & Affection,90.0,"['#friendship', '#camaraderieblooms']",2,14,82,Africa
"In the embrace of love, each heartbeat is a melody, dancing to the rhythm of affection.",Love,2022-11-15 20:45:00,MelodyOfLove,Twitter,#Love #RhythmOfAffection,35.0,70.0,USA,2022,11,15,20,Love & Affection,105.0,"['#love', '#rhythmofaffection']",2,16,87,North America
"Surrounded by the colors of joy, a canvas painted with laughter and endless smiles.",Joy,2019-07-02 17:00:00,ColorfulLaughter,Instagram,#Joy #EndlessSmiles,40.0,80.0,Canada,2019,7,2,17,Happiness & Joy,120.0,"['#joy', '#endlesssmiles']",2,14,83,North America
"In the symphony of excitement, each note is a burst of energy, igniting the soul with fervor.",Excitement,2021-04-18 14:20:00,SymphonyFervor,Facebook,#Excitement #IgnitedSoul,30.0,60.0,UK,2021,4,18,14,Happiness & Joy,90.0,"['#excitement', '#ignitedsoul']",2,17,93,Europe
"A surprise gift, wrapped in anticipation, unfolds a moment of delight and wonder.",Surprise,2023-02-05 19:30:00,WrappedDelight,Twitter,#Surprise #WonderfulMoment,25.0,50.0,Australia,2023,2,5,19,Surprise & Wonder,75.0,"['#surprise', '#wonderfulmoment']",2,13,81,Oceania
"Lost in the maze of curiosity, each twist and turn unveils the treasures of discovery.",Curiosity,2018-09-22 12:45:00,MazeDiscovery,Instagram,#Curiosity #TreasuresOfDiscovery,22.0,45.0,India,2018,9,22,12,Curiosity & Reflection,67.0,"['#curiosity', '#treasuresofdiscovery']",2,15,86,Asia
"Floating on clouds of gratitude, each raindrop a blessing, a shower of thankfulness.",Gratitude,2016-12-10 21:15:00,CloudsOfBlessings,Facebook,#Gratitude #ShowerOfThankfulness,28.0,55.0,Germany,2016,12,10,21,Hope & Optimism,83.0,"['#gratitude', '#showerofthankfulness']",2,13,84,Europe
"Like a comet of inspiration, streaking through the sky of creativity, leaving trails of brilliance.",Inspiration,2020-05-28 16:00:00,CometCreativity,Twitter,#Inspiration #BrilliantTrails,18.0,35.0,France,2020,5,28,16,Creativity & Inspiration,53.0,"['#inspiration', '#brillianttrails']",2,15,99,Europe
"In the celebration of success, fireworks of accomplishment light up the night sky of triumph.",Success,2017-11-15 22:30:00,FireworksTriumph,Instagram,#Success #NightSkyTriumph,22.0,45.0,Japan,2017,11,15,22,Confidence & Achievement,67.0,"['#success', '#nightskytriumph']",2,15,93,Asia
"A symphony of laughter, each note a key to unlocking the door of boundless happiness.",Happiness,2021-08-02 19:00:00,LaughterSymphony,Facebook,#Happiness #BoundlessLaughter,30.0,60.0,Brazil,2021,8,2,19,Happiness & Joy,90.0,"['#happiness', '#boundlesslaughter']",2,15,85,South America
"In the carnival of emotions, the rollercoaster of thrill sends the heart on a wild ride.",Thrill,2019-03-28 15:30:00,EmotionCarnival,Instagram,#Thrill #WildHeartRide,35.0,70.0,South Africa,2019,3,28,15,Happiness & Joy,105.0,"['#thrill', '#wildheartride']",2,16,88,Africa
"Standing before the grandeur of the Eiffel Tower, a moment to reflect on the beauty of Parisian dreams.",Reflection,2018-05-12 17:30:00,ParisDreamer,Twitter,#Reflection #ParisianDreams,28.0,55.0,France,2018,5,12,17,Curiosity & Reflection,83.0,"['#reflection', '#parisiandreams']",2,18,103,Europe
"Lost in the enchantment of Disneyland, each ride a journey into the realm of childhood fantasies.",Enchantment,2022-09-28 15:45:00,DisneylandExplorer,Instagram,#Enchantment #ChildhoodFantasies,30.0,60.0,USA,2022,9,28,15,Admiration & Awe,90.0,"['#enchantment', '#childhoodfantasies']",2,16,97,North America
"Exploring the wonders of Ferrari World, the roar of engines creating a symphony of speed.",Excitement,2019-11-10 14:00:00,FerrariSpeedster,Facebook,#Excitement #SymphonyOfSpeed,22.0,45.0,Italy,2019,11,10,14,Happiness & Joy,67.0,"['#excitement', '#symphonyofspeed']",2,15,89,Europe
"Amidst the tulip fields of Keukenhof, a tapestry of colors that paints the soul with springtime joy.",Joy,2021-04-02 18:20:00,KeukenhofAdventurer,Instagram,#Joy #SpringtimeColors,35.0,70.0,Netherlands,2021,4,2,18,Happiness & Joy,105.0,"['#joy', '#springtimecolors']",2,17,100,Europe
"Wandering through the historical streets of Kyoto, each step a journey into the heart of Japan's traditions.",Exploration,2017-08-22 21:30:00,KyotoAdventurer,Twitter,#Exploration #JapaneseTraditions,18.0,35.0,Japan,2017,8,22,21,Curiosity & Reflection,53.0,"['#exploration', '#japanesetraditions']",2,17,108,Asia
"In the embrace of the Grand Canyon, nature's masterpiece, a moment to marvel at Earth's grandeur.",Awe,2020-06-15 16:45:00,CanyonMarveler,Instagram,#Awe #EarthsGrandeur,25.0,50.0,USA,2020,6,15,16,Admiration & Awe,75.0,"['#awe', '#earthsgrandeur']",2,16,97,North America
"Journeying through the serenity of Santorini, where each sunset paints the sky with hues of tranquility.",Serenity,2016-09-10 19:15:00,SantoriniTraveler,Facebook,#Serenity #SunsetHues,22.0,45.0,Greece,2016,9,10,19,Calm & Peace,67.0,"['#serenity', '#sunsethues']",2,16,104,Europe
"Amazed by the architectural marvels of Petra, each stone telling tales of an ancient civilization.",Amazement,2023-01-28 13:00:00,PetraExplorer,Twitter,#Amazement #AncientTales,30.0,60.0,Jordan,2023,1,28,13,Admiration & Awe,90.0,"['#amazement', '#ancienttales']",2,15,98,Asia
"Embarking on a gondola ride in Venice, each canal reflecting the romance of this timeless city.",Romance,2019-04-18 16:30:00,VeniceRomantic,Instagram,#Romance #TimelessCity,20.0,40.0,Italy,2019,4,18,16,Love & Affection,60.0,"['#romance', '#timelesscity']",2,16,95,Europe
"At the summit of Machu Picchu, a breathtaking panorama that whispers the secrets of ancient civilizations.",Awe,2017-11-05 22:00:00,MachuPicchuAdventurer,Facebook,#Awe #AncientCivilizations,28.0,55.0,Peru,2017,11,5,22,Admiration & Awe,83.0,"['#awe', '#ancientcivilizations']",2,16,106,South America
"In the heart of New York City, Times Square dazzles with lights, a vibrant spectacle of urban energy.",Excitement,2022-07-20 21:45:00,TimesSquareExplorer,Instagram,#Excitement #UrbanEnergy,35.0,70.0,USA,2022,7,20,21,Happiness & Joy,105.0,"['#excitement', '#urbanenergy']",2,18,101,North America
"Captivated by the historical charm of the Colosseum, each stone echoing tales of gladiator valor.",Captivation,2018-03-15 17:30:00,ColosseumAdventurer,Twitter,#Captivation #GladiatorTales,25.0,50.0,Italy,2018,3,15,17,Admiration & Awe,75.0,"['#captivation', '#gladiatortales']",2,15,97,Europe
"Sailing the azure waters of the Maldives, each wave a whisper of serenity in paradise.",Serenity,2019-10-28 14:15:00,MaldivesSailor,Facebook,#Serenity #ParadiseWhispers,22.0,45.0,Maldives,2019,10,28,14,Calm & Peace,67.0,"['#serenity', '#paradisewhispers']",2,15,86,Asia
"In the midst of the Amazon rainforest, a symphony of wildlife creates an orchestra of nature's wonders.",Wonder,2021-06-10 16:00:00,AmazonExplorer,Instagram,#Wonder #NatureOrchestra,30.0,60.0,Brazil,2021,6,10,16,Admiration & Awe,90.0,"['#wonder', '#natureorchestra']",2,17,103,South America
"Walking the Great Wall of China, each step a testament to ancient engineering marvels.",Awe,2017-08-18 19:30:00,GreatWallWalker,Twitter,#Awe #EngineeringMarvels,18.0,35.0,China,2017,8,18,19,Admiration & Awe,53.0,"['#awe', '#engineeringmarvels']",2,14,86,Asia
"At the summit of Mount Fuji, a breathtaking sunrise that paints the sky with hues of accomplishment.",Accomplishment,2020-04-15 05:30:00,FujiSummitAchiever,Facebook,#Accomplishment #SunriseHues,28.0,55.0,Japan,2020,4,15,5,Confidence & Achievement,83.0,"['#accomplishment', '#sunrisehues']",2,17,100,Asia
"Exploring the ancient ruins of Angkor Wat, each stone whispering stories of Khmer civilization.",Exploration,2016-11-22 13:00:00,AngkorWatAdventurer,Instagram,#Exploration #KhmerStories,20.0,40.0,Cambodia,2016,11,22,13,Curiosity & Reflection,60.0,"['#exploration', '#khmerstories']",2,14,95,Asia
"Skiing down the slopes of the Swiss Alps, each turn a dance with the majesty of snow-capped peaks.",Adventure,2019-01-10 14:45:00,AlpsSkiAdventurer,Twitter,#Adventure #SnowPeakDance,22.0,45.0,Switzerland,2019,1,10,14,Experience & Theme,67.0,"['#adventure', '#snowpeakdance']",2,18,98,Europe
"In the tranquility of Kyoto's bamboo forest, whispers of ancient Zen wisdom echo through the groves.",Tranquility,2023-02-28 16:20:00,KyotoBambooSeeker,Facebook,#Tranquility #ZenWisdom,25.0,50.0,Japan,2023,2,28,16,Calm & Peace,75.0,"['#tranquility', '#zenwisdom']",2,16,100,Asia
"Cruising the fjords of Norway, each icy landscape a breathtaking masterpiece of nature's grandeur.",Grandeur,2018-05-28 18:30:00,NorwayFjordExplorer,Instagram,#Grandeur #IcyMasterpiece,22.0,45.0,Norway,2018,5,28,18,Admiration & Awe,67.0,"['#grandeur', '#icymasterpiece']",2,14,98,Europe
"At the front row of Adele's concert, each note of 'Someone Like You' resonates with soul-stirring emotion.",Emotion,2022-09-15 20:00:00,AdeleConcertGoer,Instagram,#Emotion #AdeleConcert,40.0,80.0,USA,2022,9,15,20,Neutral / General,120.0,"['#emotion', '#adeleconcert']",2,17,106,North America
"Dancing under the stars at Beyoncé's live show, feeling the power of 'Single Ladies' in every move.",Energy,2019-07-28 21:30:00,BeyonceDancer,Twitter,#Energy #BeyonceConcert,35.0,70.0,USA,2019,7,28,21,Energy & Arousal,105.0,"['#energy', '#beyonceconcert']",2,17,99,North America
"In the crowd of a Taylor Swift concert, the lyrics of 'Love Story' create an enchanting fairy tale.",Enchantment,2021-05-10 19:45:00,SwiftieDreamer,Facebook,#Enchantment #TaylorSwift,30.0,60.0,USA,2021,5,10,19,Admiration & Awe,90.0,"['#enchantment', '#taylorswift']",2,18,99,North America
"Rocking out to the guitar solos at a Queen tribute concert, a journey back in time with Freddie's spirit.",Nostalgia,2018-12-02 22:15:00,QueenTributeFan,Instagram,#Nostalgia #QueenTribute,22.0,45.0,UK,2018,12,2,22,Curiosity & Reflection,67.0,"['#nostalgia', '#queentribute']",2,19,105,Europe
"Swaying to Ed Sheeran's acoustic melodies, a serene evening filled with 'Perfect' moments.",Serenity,2020-08-18 19:00:00,SheeranMelodyLover,Twitter,#Serenity #EdSheeranConcert,18.0,35.0,UK,2020,8,18,19,Calm & Peace,53.0,"['#serenity', '#edsheeranconcert']",2,13,90,Europe
"Immersed in the pulsating beats of a Bruno Mars concert, where 'Uptown Funk' becomes a city of joy.",Joy,2017-03-28 20:30:00,MarsJoyExplorer,Facebook,#Joy #BrunoMars,28.0,55.0,USA,2017,3,28,20,Happiness & Joy,83.0,"['#joy', '#brunomars']",2,18,99,North America
"At a Michael Jackson tribute show, moonwalking through the hits, a celebration of the King of Pop.",Celebration,2022-01-15 21:15:00,MJTributeDancer,Instagram,#Celebration #MJTribute,25.0,50.0,USA,2022,1,15,21,Happiness & Joy,75.0,"['#celebration', '#mjtribute']",2,17,98,North America
"Swinging to the rhythms of a Frank Sinatra tribute, feeling the timeless charm of 'Fly Me to the Moon'.",Charm,2019-06-10 18:45:00,SinatraCharmListener,Twitter,#Charm #SinatraTribute,22.0,45.0,USA,2019,6,10,18,Love & Affection,67.0,"['#charm', '#sinatratribute']",2,19,103,North America
"In the mosh pit of a Metallica concert, the thunderous chords create a symphony of headbanging ecstasy.",Ecstasy,2023-03-20 22:30:00,MetallicaMoshWarrior,Facebook,#Ecstasy #MetallicaConcert,35.0,70.0,USA,2023,3,20,22,Happiness & Joy,105.0,"['#ecstasy', '#metallicaconcert']",2,17,103,North America
"Experiencing the magic of a Coldplay concert, where 'Fix You' becomes a beacon of hope in the night.",Hope,2016-11-28 19:00:00,ColdplayHopeSeeker,Instagram,#Hope #ColdplayMagic,30.0,60.0,UK,2016,11,28,19,Hope & Optimism,90.0,"['#hope', '#coldplaymagic']",2,18,100,Europe
"At a Justin Bieber concert, the infectious beats of 'Baby' create a dance floor of unbridled enthusiasm.",Enthusiasm,2018-08-05 20:00:00,BieberDanceEnthusiast,Instagram,#Enthusiasm #JustinBieber,40.0,80.0,Canada,2018,8,5,20,Happiness & Joy,120.0,"['#enthusiasm', '#justinbieber']",2,17,104,North America
"In the spotlight at a Lady Gaga show, each costume change is a metamorphosis of creativity and artistry.",Creativity,2021-04-15 21:30:00,GagaArtisticChameleon,Twitter,#Creativity #LadyGaga,35.0,70.0,USA,2021,4,15,21,Creativity & Inspiration,105.0,"['#creativity', '#ladygaga']",2,18,104,North America
"Immersed in the soulful melodies of Adele, tears flow freely, moved by the emotion of 'Hello'.",Emotion,2019-11-28 19:45:00,AdeleMelodyTearjerker,Facebook,#Emotion #AdeleMelodies,30.0,60.0,UK,2019,11,28,19,Neutral / General,90.0,"['#emotion', '#adelemelodies']",2,16,94,Europe
"Drenched in confetti at a Katy Perry concert, a kaleidoscope of colors igniting the night sky.",Colorful,2020-06-22 22:00:00,KatyPerryColorExplosion,Instagram,#Colorful #KatyPerry,22.0,45.0,USA,2020,6,22,22,Creativity & Inspiration,67.0,"['#colorful', '#katyperry']",2,16,94,North America
"In the audience of a Jay-Z performance, the lyrics of 'Empire State of Mind' become an anthem of pride.",Pride,2017-09-10 20:15:00,JayZEmpireListener,Twitter,#Pride #JayZAnthem,18.0,35.0,USA,2017,9,10,20,Confidence & Achievement,53.0,"['#pride', '#jayzanthem']",2,19,103,North America
"Dancing to Shakira's rhythmic beats, hips swaying to the hypnotic charm of 'Hips Don't Lie'.",Hypnotic,2022-02-28 21:15:00,ShakiraHipsDancer,Facebook,#Hypnotic #ShakiraRhythms,28.0,55.0,Colombia,2022,2,28,21,Admiration & Awe,83.0,"['#hypnotic', '#shakirarhythms']",2,15,92,South America
"At a U2 concert, the anthemic chords of 'With or Without You' create a timeless moment of connection.",Connection,2016-05-15 19:30:00,U2ConnectionSeeker,Instagram,#Connection #U2Anthem,25.0,50.0,Ireland,2016,5,15,19,Love & Affection,75.0,"['#connection', '#u2anthem']",2,18,101,Europe
"Rocking out at a Guns N' Roses show, the iconic riffs of 'Sweet Child o' Mine' echoing in the night.",Iconic,2018-12-10 22:30:00,GunsNRosesRiffRockstar,Twitter,#Iconic #GNRConcert,22.0,45.0,USA,2018,12,10,22,Creativity & Inspiration,67.0,"['#iconic', '#gnrconcert']",2,20,100,North America
"In the crowd of an Ariana Grande concert, the high notes of 'Into You' create a euphoric symphony.",Euphoria,2023-01-22 20:00:00,ArianaEuphoriaChaser,Facebook,#Euphoria #ArianaGrande,35.0,70.0,USA,2023,1,22,20,Happiness & Joy,105.0,"['#euphoria', '#arianagrande']",2,18,98,North America
"Swaying to the reggae vibes of Bob Marley's tribute concert, each chord a journey to Jamaica's soul.",Journey,2020-03-05 18:45:00,MarleyReggaeTraveler,Instagram,#Journey #BobMarleyTribute,30.0,60.0,Jamaica,2020,3,5,18,Experience & Theme,90.0,"['#journey', '#bobmarleytribute']",2,17,100,North America
"Captivated by the spellbinding plot twists, the audience applauds, experiencing a rollercoaster of emotions at the movie premiere.",Excitement,2018-10-12 20:00:00,MovieEnthusiastPremiereAttendee,Twitter,#Excitement #MoviePremiereThrills,40.0,80.0,USA,2018,10,12,20,Happiness & Joy,120.0,"['#excitement', '#moviepremierethrills']",2,18,130,North America
"As the credits roll, a profound sense of nostalgia washes over, reminiscent of cherished moments in classic films.",Nostalgia,2019-06-25 22:15:00,FilmLoverNostalgiaSeeker,Instagram,#Nostalgia #ClassicFilmMoments,35.0,70.0,UK,2019,6,25,22,Curiosity & Reflection,105.0,"['#nostalgia', '#classicfilmmoments']",2,18,114,Europe
"Streaming the latest web series, the viewer is engrossed in the characters' journey, feeling a sense of connection and empathy.",Engagement,2020-07-08 19:30:00,WebSeriesViewerCharacterConnection,Facebook,#Engagement #WebSeriesJourney,30.0,60.0,Canada,2020,7,8,19,Confidence & Achievement,90.0,"['#engagement', '#webseriesjourney']",2,20,127,North America
"At the film festival, the indie filmmaker's creation receives a standing ovation, evoking pride and a sense of accomplishment.",Pride,2017-09-18 21:45:00,IndieFilmmakerFestivalSuccess,Twitter,#Pride #IndieFilmSuccess,22.0,45.0,Australia,2017,9,18,21,Confidence & Achievement,67.0,"['#pride', '#indiefilmsuccess']",2,19,126,Oceania
"Watching a heartwarming family drama, tears flow freely as the characters overcome challenges, leaving the viewer with a warm glow.",Touched,2021-01-15 18:00:00,DramaEnthusiastHeartwarmingMoments,Instagram,#Touched #FamilyDramaMoments,28.0,55.0,India,2021,1,15,18,Love & Affection,83.0,"['#touched', '#familydramamoments']",2,20,131,Asia
"At the Oscars, the actor graciously accepts an award, radiating joy and gratitude for the recognition of their outstanding performance.",Gratitude,2016-02-28 20:30:00,AwardWinningActorOscarsRecipient,Facebook,#Gratitude #OscarWinningMoment,18.0,35.0,USA,2016,2,28,20,Hope & Optimism,53.0,"['#gratitude', '#oscarwinningmoment']",2,20,135,North America
"Discovering a hidden gem in the world of documentaries, the viewer is enlightened and inspired, feeling a renewed sense of curiosity.",Inspiration,2022-04-20 17:30:00,DocumentaryEnthusiastHiddenGemFinder,Twitter,#Inspiration #HiddenGemDiscovery,22.0,45.0,France,2022,4,20,17,Creativity & Inspiration,67.0,"['#inspiration', '#hiddengemdiscovery']",2,21,133,Europe
"As the movie credits roll, the viewer experiences a mix of awe and contemplation, pondering the deeper meanings woven into the storyline.",Contemplation,2019-11-05 21:15:00,FilmBuffContemplativeViewer,Instagram,#Contemplation #DeepMeanings,28.0,55.0,Germany,2019,11,5,21,Curiosity & Reflection,83.0,"['#contemplation', '#deepmeanings']",2,22,137,Europe
"Binge-watching a thrilling crime series, the suspense keeps the viewer on the edge of their seat, creating a rush of adrenaline.",Suspense,2015-07-12 22:00:00,CrimeSeriesEnthusiastThrillSeeker,Facebook,#Suspense #CrimeSeriesThrills,35.0,70.0,Japan,2015,7,12,22,Fear & Anxiety,105.0,"['#suspense', '#crimeseriesthrills']",2,21,128,Asia
"As the closing scene unfolds, a sense of satisfaction washes over, completing the cinematic journey with a profound and fulfilling ending.",Satisfaction,2020-09-10 19:45:00,FilmCriticSatisfactionSeeker,Twitter,#Satisfaction #FulfillingEnding,22.0,45.0,Brazil,2020,9,10,19,Calm & Peace,67.0,"['#satisfaction', '#fulfillingending']",2,21,138,South America
"Celebrating a historic victory in the World Cup, the nation erupts in joy, united by the triumph of their football team.",Joy,2018-07-15 21:30:00,FootballFanWorldCupCelebration,Instagram,#Joy #WorldCupTriumph,40.0,80.0,Brazil,2018,7,15,21,Happiness & Joy,120.0,"['#joy', '#worldcuptriumph']",2,21,120,South America
"At the Olympics, the athlete's perseverance shines through, earning a gold medal and inspiring a generation with their remarkable achievement.",Inspiration,2020-08-08 19:45:00,OlympicsEnthusiastGoldMedalWinner,Twitter,#Inspiration #OlympicAchievement,35.0,70.0,USA,2020,8,8,19,Creativity & Inspiration,105.0,"['#inspiration', '#olympicachievement']",2,20,142,North America
"In the cricket championship, a nail-biting finish leaves fans on the edge of their seats, experiencing a rollercoaster of emotions.",Excitement,2019-06-25 22:15:00,CricketFanChampionshipThrills,Facebook,#Excitement #CricketChampionship,30.0,60.0,India,2019,6,25,22,Happiness & Joy,90.0,"['#excitement', '#cricketchampionship']",2,20,131,Asia
"Witnessing a record-breaking marathon, spectators are filled with awe and admiration for the endurance and dedication of the runners.",Admiration,2021-11-07 17:30:00,MarathonSpectatorRecordBreaking,Instagram,#Admiration #MarathonRecords,22.0,45.0,Kenya,2021,11,7,17,Admiration & Awe,67.0,"['#admiration', '#marathonrecords']",2,19,133,Africa
"In the tennis grand slam, a fierce rivalry unfolds, captivating fans with a display of skill and sportsmanship on the world stage.",Captivation,2017-09-10 20:15:00,TennisEnthusiastGrandSlamDrama,Twitter,#Captivation #TennisRivalry,28.0,55.0,UK,2017,9,10,20,Admiration & Awe,83.0,"['#captivation', '#tennisrivalry']",2,22,130,Europe
"Cheering for the underdog in the basketball finals, the crowd erupts in applause as the team defies odds to claim the championship title.",Triumph,2022-06-20 21:00:00,BasketballFanUnderdogTriumph,Facebook,#Triumph #BasketballFinals,18.0,35.0,USA,2022,6,20,21,Confidence & Achievement,53.0,"['#triumph', '#basketballfinals']",2,23,137,North America
"At the golf tournament, the golfer's precision and focus lead to a stunning victory, leaving spectators in awe of their exceptional skill.",Awe,2016-04-10 18:30:00,GolfEnthusiastPrecisionVictory,Instagram,#Awe #GolfVictory,22.0,45.0,Scotland,2016,4,10,18,Admiration & Awe,67.0,"['#awe', '#golfvictory']",2,22,138,Europe
"Experiencing the thrill of a high-speed Formula 1 race, fans are on the edge of their seats as drivers compete for the championship.",Thrill,2019-11-24 19:45:00,F1FanHighSpeedRaceExcitement,Twitter,#Thrill #Formula1Championship,28.0,55.0,Germany,2019,11,24,19,Happiness & Joy,83.0,"['#thrill', '#formula1championship']",2,23,132,Europe
"In the cycling world championship, the climber conquers challenging terrains, symbolizing determination and achievement against all odds.",Determination,2015-09-28 22:30:00,CyclingEnthusiastWorldChampion,Facebook,#Determination #CyclingChampion,35.0,70.0,Italy,2015,9,28,22,Confidence & Achievement,105.0,"['#determination', '#cyclingchampion']",2,17,137,Europe
"Witnessing a heartwarming comeback in the hockey finals, fans share tears of joy as the team secures a historic victory after adversity.",Heartwarming,2020-12-12 20:00:00,HockeyFanComebackVictory,Instagram,#Heartwarming #HockeyFinalsComeback,22.0,45.0,Canada,2020,12,12,20,Love & Affection,67.0,"['#heartwarming', '#hockeyfinalscomeback']",2,22,136,North America
"After a series of defeats, the soccer team faces disappointment, struggling to find the silver lining in a challenging season.",Disappointment,2019-11-02 18:45:00,SoccerFanTeamDefeats,Twitter,#Disappointment #SoccerDefeats,40.0,80.0,Brazil,2019,11,2,18,Sadness & Loss,120.0,"['#disappointment', '#soccerdefeats']",2,20,126,South America
"In the tennis tournament, a highly anticipated player experiences a setback, leaving fans in shock and questioning the unforeseen turn of events.",Frustration,2018-07-10 21:15:00,TennisEnthusiastUnexpectedSetback,Instagram,#Frustration #TennisSetback,35.0,70.0,USA,2018,7,10,21,Anger & Resentment,105.0,"['#frustration', '#tennissetback']",2,22,145,North America
"Facing a defeat in the championship, the boxer reflects on the challenges, vowing to return stronger and more determined in the next bout.",Reflection,2020-09-18 19:30:00,BoxingFanChampionshipDefeat,Facebook,#Reflection #BoxingDefeat,30.0,60.0,UK,2020,9,18,19,Curiosity & Reflection,90.0,"['#reflection', '#boxingdefeat']",2,23,138,Europe
"In the midst of a cycling race, a tire blowout leads to frustration for the cyclist, who valiantly tries to overcome the unexpected obstacle.",Obstacle,2017-05-15 22:00:00,CyclingEnthusiastTireBlowout,Twitter,#Obstacle #CyclingFrustration,22.0,45.0,France,2017,5,15,22,Disappointment & Regret,67.0,"['#obstacle', '#cyclingfrustration']",2,24,141,Europe
"The gymnast's unexpected fall during a routine sparks a wave of sympathy from the audience, highlighting the vulnerability of sports.",Sympathy,2021-04-05 20:15:00,GymnasticsFanRoutineFall,Instagram,#Sympathy #GymnasticsFall,28.0,55.0,Japan,2021,4,5,20,Love & Affection,83.0,"['#sympathy', '#gymnasticsfall']",2,20,133,Asia
"In the golf tournament, a missed crucial putt results in defeat, causing the golfer to reflect on the pressure of high-stakes competition.",Pressure,2016-08-20 18:30:00,GolfEnthusiastMissedPutt,Facebook,#Pressure #GolfDefeat,18.0,35.0,USA,2016,8,20,18,Fear & Anxiety,53.0,"['#pressure', '#golfdefeat']",2,22,138,North America
"Experiencing a series of losses in the basketball season, the team grapples with frustration, determined to turn the tide with renewed effort.",Renewed Effort,2019-02-12 19:45:00,BasketballFanTeamLosses,Twitter,#RenewedEffort #BasketballStruggles,22.0,45.0,Canada,2019,2,12,19,Confidence & Achievement,67.0,"['#renewedeffort', '#basketballstruggles']",2,22,142,North America
"Despite meticulous training, the swimmer faces disappointment as a split-second miscalculation costs them the lead in a crucial race.",Miscalculation,2015-06-28 20:00:00,SwimmingEnthusiastRaceSetback,Instagram,#Miscalculation #SwimmingDisappointment,28.0,55.0,Australia,2015,6,28,20,Disappointment & Regret,83.0,"['#miscalculation', '#swimmingdisappointment']",2,19,133,Oceania
"The weightlifter's failed attempt at a personal record results in frustration, highlighting the challenging nature of pushing physical limits.",Challenge,2022-01-08 21:30:00,WeightliftingFanFailedRecord,Facebook,#Challenge #WeightliftingFailure,35.0,70.0,Germany,2022,1,8,21,Disappointment & Regret,105.0,"['#challenge', '#weightliftingfailure']",2,19,142,Europe
"In the midst of a soccer match, an unexpected own goal creates a moment of despair for the player, as teammates console and encourage them.",Despair,2018-12-15 20:15:00,SoccerPlayerOwnGoalMoment,Twitter,#Despair #OwnGoal,22.0,45.0,Spain,2018,12,15,20,Sadness & Loss,67.0,"['#despair', '#owngoal']",2,25,139,Europe
"In the serene beauty of a sunset, nature unfolds a canvas of colors, evoking a sense of tranquility and wonder.",Tranquility,2021-07-10 19:00:00,NatureEnthusiastSunsetWonder,Instagram,#Tranquility #SunsetBeauty,40.0,80.0,Canada,2021,7,10,19,Calm & Peace,120.0,"['#tranquility', '#sunsetbeauty']",2,20,111,North America
"Embarking on a spontaneous road trip, the traveler discovers hidden gems, creating memories that will be cherished for a lifetime.",Adventure,2019-09-28 20:30:00,TravelEnthusiastRoadTripDiscovery,Twitter,#Adventure #RoadTripMemories,35.0,70.0,USA,2019,9,28,20,Experience & Theme,105.0,"['#adventure', '#roadtripmemories']",2,20,130,North America
"Amidst the bustling city, a quiet café becomes a sanctuary for reflection, where a cup of coffee brings solace to the wandering mind.",Solace,2022-03-15 18:45:00,UrbanExplorerCafeSolitude,Facebook,#Solace #CafeReflection,30.0,60.0,France,2022,3,15,18,Calm & Peace,90.0,"['#solace', '#cafereflection']",2,23,133,Europe
"Exploring the vibrant street art of a cultural neighborhood, each mural tells a story, infusing the city with creativity and expression.",Creativity,2017-11-05 21:15:00,ArtEnthusiastStreetArtExploration,Instagram,#Creativity #StreetArtVibes,22.0,45.0,Brazil,2017,11,5,21,Creativity & Inspiration,67.0,"['#creativity', '#streetartvibes']",2,21,136,South America
"In the world of science, a breakthrough discovery unfolds, pushing the boundaries of knowledge and opening new frontiers of exploration.",Breakthrough,2020-05-20 16:30:00,ScienceEnthusiastDiscoveryMoment,Twitter,#Breakthrough #ScientificDiscovery,28.0,55.0,Germany,2020,5,20,16,Confidence & Achievement,83.0,"['#breakthrough', '#scientificdiscovery']",2,20,136,Europe
"Connecting with the melody of a live orchestra, the music enthusiast experiences a symphony that resonates deep within the soul.",Harmony,2016-08-22 19:45:00,MusicLoverLiveOrchestraExperience,Facebook,#Harmony #OrchestraMelody,18.0,35.0,UK,2016,8,22,19,Calm & Peace,53.0,"['#harmony', '#orchestramelody']",2,20,128,Europe
"Embracing the aroma of freshly baked bread, the home chef finds joy in the art of baking, creating delicious memories for loved ones.",Joy in Baking,2023-04-10 17:15:00,HomeBakerDeliciousMemories,Instagram,#JoyInBaking #HomemadeDelights,22.0,45.0,India,2023,4,10,17,Happiness & Joy,67.0,"['#joyinbaking', '#homemadedelights']",2,23,133,Asia
"Wandering through a historical museum, the history enthusiast becomes immersed in the tales of the past, envisioning bygone eras.",Envisioning History,2015-12-18 18:00:00,HistoryBuffMuseumExploration,Twitter,#EnvisioningHistory #MuseumTales,28.0,55.0,Italy,2015,12,18,18,Experience & Theme,83.0,"['#envisioninghistory', '#museumtales']",2,19,129,Europe
"In the realm of literature, a captivating novel transports the reader to distant lands, weaving a tapestry of imagination and escape.",Imagination,2021-10-08 20:30:00,BookwormCaptivatingNovelEscape,Facebook,#Imagination #LiteraryEscape,35.0,70.0,Japan,2021,10,8,20,Curiosity & Reflection,105.0,"['#imagination', '#literaryescape']",2,21,133,Asia
"Capturing the essence of a bustling market, the photographer freezes moments in time, each frame telling a unique and vibrant story.",Vibrancy,2019-03-22 21:45:00,PhotographyEnthusiastMarketMoments,Instagram,#Vibrancy #MarketStories,22.0,45.0,Australia,2019,3,22,21,Happiness & Joy,67.0,"['#vibrancy', '#marketstories']",2,21,132,Oceania
"Underneath the city lights, the dancer expresses emotions through graceful movements, creating a mesmerizing performance under the night sky.",Mesmerizing,2018-06-15 22:00:00,DanceEnthusiastCityNightPerformance,Twitter,#Mesmerizing #NightDancePerformance,40.0,80.0,USA,2018,6,15,22,Admiration & Awe,120.0,"['#mesmerizing', '#nightdanceperformance']",2,19,141,North America
"In the heart of a bustling market, the street food connoisseur indulges in a culinary adventure, savoring diverse flavors and aromas.",Culinary Adventure,2019-08-28 19:30:00,FoodieMarketStreetFoodExploration,Instagram,#CulinaryAdventure #StreetFoodDelights,35.0,70.0,Thailand,2019,8,28,19,Experience & Theme,105.0,"['#culinaryadventure', '#streetfooddelights']",2,21,133,Asia
"As the first snowflake descends, the winter enthusiast eagerly prepares for a season of frosty delights, anticipating the magic of snow-covered landscapes.",Winter Magic,2022-12-01 17:45:00,SnowLoverWinterEnthusiast,Facebook,#WinterMagic #SnowyLandscapes,30.0,60.0,Canada,2022,12,1,17,Experience & Theme,90.0,"['#wintermagic', '#snowylandscapes']",2,22,155,North America
"Amidst the pages of a captivating mystery novel, the reader unravels clues and secrets, experiencing a thrilling journey of suspense and revelation.",Thrilling Journey,2017-04-10 21:15:00,MysteryBookwormSuspensefulRead,Twitter,#ThrillingJourney #MysteryNovel,22.0,45.0,UK,2017,4,10,21,Experience & Theme,67.0,"['#thrillingjourney', '#mysterynovel']",2,22,148,Europe
"Surrounded by the vibrant colors of a flower garden, the gardener nurtures blossoms, finding joy in the beauty of nature's ever-changing canvas.",Nature's Beauty,2020-05-15 18:30:00,GardeningEnthusiastFlowerGarden,Instagram,#NaturesBeauty #FloralJoy,28.0,55.0,Australia,2020,5,15,18,Admiration & Awe,83.0,"['#naturesbeauty', '#floraljoy']",2,22,144,Oceania
"At the astronomy observatory, the stargazer marvels at the vastness of the cosmos, contemplating the mysteries hidden within the celestial expanse.",Celestial Wonder,2016-09-22 20:00:00,AstronomyEnthusiastStargazing,Facebook,#CelestialWonder #Stargazing,18.0,35.0,USA,2016,9,22,20,Admiration & Awe,53.0,"['#celestialwonder', '#stargazing']",2,21,147,North America
"Engulfed in the aroma of freshly brewed coffee, the writer finds inspiration in every sip, embarking on a journey of creativity and prose.",Creative Inspiration,2023-02-12 19:45:00,CoffeeLoverWritersRetreat,Twitter,#CreativeInspiration #CoffeeJourney,22.0,45.0,France,2023,2,12,19,,67.0,"['#creativeinspiration', '#coffeejourney']",2,23,138,Europe
"In the realm of fashion, the designer unveils a collection that tells a story, blending innovation and tradition on the runway of creativity.",Runway Creativity,2015-11-10 21:00:00,FashionEnthusiastDesignerShowcase,Instagram,#RunwayCreativity #FashionInnovation,28.0,55.0,Italy,2015,11,10,21,Experience & Theme,83.0,"['#runwaycreativity', '#fashioninnovation']",2,23,141,Europe
"As the waves crash against the shore, the surfer embraces the thrill of riding the ocean's energy, capturing the essence of freedom in each wave.",Ocean's Freedom,2021-07-20 18:15:00,SurfingEnthusiastWaveRider,Facebook,#OceansFreedom #SurfingThrills,22.0,45.0,Brazil,2021,7,20,18,Experience & Theme,67.0,"['#oceansfreedom', '#surfingthrills']",2,25,145,South America
"Exploring the historical architecture of an ancient city, the traveler is transported to a bygone era, where each monument whispers tales of the past.",Whispers of the Past,2019-04-18 20:30:00,HistoryExplorerAncientCityTour,Twitter,#WhispersOfThePast #HistoricalTour,35.0,70.0,Greece,2019,4,18,20,Experience & Theme,105.0,"['#whispersofthepast', '#historicaltour']",2,24,150,Europe
Successfully avoided eye contact with my crush in the hallway. Mission accomplished. #TeenCrush #StealthMode,Excitement,2023-05-20 19:45:00,CrushAvoider,Twitter,#CrushStruggles #AvoidingEyeContact,15.0,30.0,USA,2023,5,20,19,Happiness & Joy,45.0,"['#crushstruggles', '#avoidingeyecontact']",2,14,108,North America
Ran out of snacks during a movie marathon. Crisis level: Emergency! #MovieNightStruggles #TeenProblems,Boredom,2023-05-21 21:00:00,MovieBuff,Instagram,#SnackCrisis #TeenLife,18.0,35.0,Canada,2023,5,21,21,Neutral / General,53.0,"['#snackcrisis', '#teenlife']",2,13,102,North America
Spent an hour choosing the perfect filter for a selfie. The struggle for that Instagram aesthetic is real. #SelfieQueen #TeenVibes,Joy,2023-05-22 14:30:00,SelfieAddict,Facebook,#SelfieStruggle #TeenConfessions,22.0,45.0,UK,2023,5,22,14,Happiness & Joy,67.0,"['#selfiestruggle', '#teenconfessions']",2,20,130,Europe
Lost my headphones again. How do they vanish into thin air? #HeadphoneMystery #TeenLife,Frustration,2023-05-23 16:45:00,AudioExplorer,Twitter,#TeenProblems #LostHeadphones,20.0,40.0,USA,2023,5,23,16,Anger & Resentment,60.0,"['#teenproblems', '#lostheadphones']",2,13,87,North America
Decided to study for exams but ended up making memes about studying instead. Procrastination level: Expert. #ProcrastinationNation #TeenConfessions,Surprise,2023-05-24 13:15:00,MemeCreator,Instagram,#StudyingMemes #TeenLife,25.0,50.0,Canada,2023,5,24,13,Surprise & Wonder,75.0,"['#studyingmemes', '#teenlife']",2,18,147,North America
"Got dressed for the day, then remembered it's Saturday. Oops. #WeekendVibes #TeenStruggles",Indifference,2023-05-25 19:00:00,FashionBlunder,Facebook,#WeekendOops #TeenFashion,20.0,40.0,USA,2023,5,25,19,Curiosity & Reflection,60.0,"['#weekendoops', '#teenfashion']",2,12,90,North America
Survived a group project without any drama. Miracles do happen. #GroupProjectSuccess #TeenAchievements,Satisfaction,2023-05-26 14:20:00,GroupGenius,Twitter,#TeenSuccess #ProjectMiracle,28.0,55.0,UK,2023,5,26,14,Calm & Peace,83.0,"['#teensuccess', '#projectmiracle']",2,12,102,Europe
"Entered the kitchen with the intention to cook. Left with a bag of chips. Cooking is overrated, anyway. #MasterChefInTraining #TeenHumor",Disgust,2023-05-27 21:15:00,ChipExplorer,Instagram,#TeenChef #CookingFail,22.0,45.0,Canada,2023,5,27,21,Anger & Resentment,67.0,"['#teenchef', '#cookingfail']",2,20,136,North America
"Staring at the clock in class, waiting for the bell to ring like it's the most exciting event of the day. #ClassCountdown #TeenLife",Surprise,2023-05-28 12:00:00,ExcitementSeeker,Facebook,#ClassEvent #TeenExcitement,18.0,35.0,USA,2023,5,28,12,Surprise & Wonder,53.0,"['#classevent', '#teenexcitement']",2,23,131,North America
"Discovered a new book series and spent the whole night reading. Who needs sleep, anyway? #BookwormLife #LateNightReading",Joy,2023-05-29 23:30:00,NightReader,Twitter,#BookDiscoveries #TeenReading,30.0,60.0,UK,2023,5,29,23,Happiness & Joy,90.0,"['#bookdiscoveries', '#teenreading']",2,17,120,Europe
"Bought a new video game, played for hours, forgot to eat. The ultimate gaming session. #GamerLife #NoFoodGaming",Excitement,2023-05-30 20:45:00,GamingEnthusiast,Instagram,#GameOn #TeenGamer,22.0,45.0,USA,2023,5,30,20,Happiness & Joy,67.0,"['#gameon', '#teengamer']",2,17,111,North America
Spent the day binge-watching a new series. Productivity level: Zero. #LazyDay #TVSeriesMarathon,Joy,2023-05-31 15:30:00,LazyWatcher,Facebook,#BingeWatchDay #TeenLife,35.0,70.0,Canada,2023,5,31,15,Happiness & Joy,105.0,"['#bingewatchday', '#teenlife']",2,12,95,North America
Caught up on the latest fashion trends and now planning a shopping spree. #Fashionista #TrendyTeen,Excitement,2023-06-01 18:00:00,TrendExplorer,Twitter,#FashionGoals #TeenStyle,20.0,40.0,USA,2023,6,1,18,Happiness & Joy,60.0,"['#fashiongoals', '#teenstyle']",2,15,98,North America
Decided to learn a new instrument. Day one: Still trying to figure out how to hold it. #MusicNovice #LearningJourney,Frustration,2023-06-02 14:30:00,MusicalExplorer,Instagram,#InstrumentLearning #TeenMusic,28.0,55.0,UK,2023,6,2,14,Anger & Resentment,83.0,"['#instrumentlearning', '#teenmusic']",2,19,116,Europe
Spent hours creating the perfect playlist for every mood. Music is my therapy. #PlaylistMaker #TeenMusicLover,Joy,2023-06-03 21:15:00,MusicAficionado,Facebook,#MusicTherapy #TeenPlaylist,22.0,45.0,Canada,2023,6,3,21,Happiness & Joy,67.0,"['#musictherapy', '#teenplaylist']",2,15,109,North America
Successfully cooked a gourmet meal for the family. Chef skills unlocked! #ChefMode #TeenChef,Pride,2023-06-04 19:30:00,HomeChef,Twitter,#CookingSuccess #TeenCook,25.0,50.0,USA,2023,6,4,19,Confidence & Achievement,75.0,"['#cookingsuccess', '#teencook']",2,13,92,North America
Spontaneously booked a weekend getaway. Adventure awaits! #TravelBug #WeekendEscape,Excitement,2023-06-05 10:00:00,AdventureSeeker,Instagram,#GetawayGoals #TeenTravel,18.0,35.0,UK,2023,6,5,10,Happiness & Joy,53.0,"['#getawaygoals', '#teentravel']",2,9,83,Europe
Attended a concert and danced the night away. Music is the heartbeat of life. #ConcertVibes #DanceAllNight,Joy,2023-06-06 22:30:00,DanceEnthusiast,Facebook,#MusicMagic #TeenConcert,28.0,55.0,Canada,2023,6,6,22,Happiness & Joy,83.0,"['#musicmagic', '#teenconcert']",2,16,106,North America
Rediscovered childhood cartoons and had a nostalgia-filled marathon. #CartoonNostalgia #TeenMemories,Joy,2023-06-07 12:45:00,NostalgiaExplorer,Twitter,#ChildhoodMemories #TeenCartoons,22.0,45.0,USA,2023,6,7,12,Happiness & Joy,67.0,"['#childhoodmemories', '#teencartoons']",2,10,100,North America
Embarked on a DIY home decor project. Let's hope it turns out better than last time. #DIYAdventure #TeenHomeDecor,Excitement,2023-06-08 16:00:00,HomeDecorator,Instagram,#DIYGoals #TeenCreative,35.0,70.0,UK,2023,6,8,16,Happiness & Joy,105.0,"['#diygoals', '#teencreative']",2,18,113,Europe
"Spent the afternoon at a museum, pretending to be cultured. Art enthusiast in the making. #MuseumDay #TeenArtLover",Curiosity,2023-06-09 14:00:00,ArtExplorer,Facebook,#CulturalDay #TeenCuriosity,20.0,40.0,USA,2023,6,9,14,Curiosity & Reflection,60.0,"['#culturalday', '#teencuriosity']",2,17,114,North America
Started a blog about random thoughts and musings. Blogging is the new diary. #BloggerLife #TeenBlogger,Curiosity,2023-06-10 17:30:00,ThoughtfulBlogger,Twitter,#BloggingJourney #TeenThoughts,30.0,60.0,Canada,2023,6,10,17,Curiosity & Reflection,90.0,"['#bloggingjourney', '#teenthoughts']",2,15,102,North America
Relishing a peaceful afternoon with a classic novel. Quiet moments are the best moments. #BookLover #PeacefulAfternoon,Contentment,2023-06-11 15:30:00,NovelEnthusiast,Instagram,#QuietMoments #BookishEscape,35.0,70.0,USA,2023,6,11,15,Calm & Peace,105.0,"['#quietmoments', '#bookishescape']",2,16,118,North America
"Reflecting on a lifetime of memories, each wrinkle tells a story. Embracing the beauty of aging. #LifeReflections #BeautyInAging",Gratitude,2023-06-12 18:00:00,WiseSoul,Twitter,#AgingGracefully #Memories,28.0,55.0,UK,2023,6,12,18,Hope & Optimism,83.0,"['#aginggracefully', '#memories']",2,18,128,Europe
Exploring the world of digital art. It's never too late to discover new passions. #DigitalArtistry #LateBloomer,Curiosity,2023-06-13 14:45:00,ArtAdventurer,Facebook,#ArtDiscovery #SeniorArtist,22.0,45.0,Canada,2023,6,13,14,Curiosity & Reflection,67.0,"['#artdiscovery', '#seniorartist']",2,16,111,North America
Savoring the flavors of a home-cooked meal. Simple joys are the heart of happiness. #HomeCooking #SimpleJoys,Contentment,2023-06-14 19:30:00,HomeChefSenior,Instagram,#HappinessInFood #SeniorLife,25.0,50.0,USA,2023,6,14,19,Calm & Peace,75.0,"['#happinessinfood', '#seniorlife']",2,16,108,North America
Embarking on a journey of learning a new language. The mind stays young with every new word. #LanguageLearning #NeverTooLate,Curiosity,2023-06-15 12:15:00,LinguisticExplorer,Twitter,#MindEnrichment #SeniorLearning,30.0,60.0,UK,2023,6,15,12,Curiosity & Reflection,90.0,"['#mindenrichment', '#seniorlearning']",2,19,124,Europe
"Attended a classical music concert, feeling the timeless melodies resonate. Music transcends generations. #ClassicalMusic #TimelessMelodies",Joy,2023-06-16 21:45:00,MusicConnoisseur,Facebook,#MusicLover #SeniorConcert,18.0,35.0,Canada,2023,6,16,21,Happiness & Joy,53.0,"['#musiclover', '#seniorconcert']",2,15,139,North America
Capturing the beauty of nature through photography. Every snapshot is a treasure. #NaturePhotography #SeniorPhotographer,Joy,2023-06-17 15:00:00,PhotographySenior,Instagram,#NatureCapture #SeniorMoments,35.0,70.0,USA,2023,6,17,15,Happiness & Joy,105.0,"['#naturecapture', '#seniormoments']",2,14,120,North America
"Reconnecting with old friends over a cup of tea. Friendship, the true essence of companionship. #OldFriends #Companionship",Contentment,2023-06-18 11:30:00,TeaTimeSenior,Twitter,#FriendshipGoals #SeniorBonding,28.0,55.0,UK,2023,6,18,11,Calm & Peace,83.0,"['#friendshipgoals', '#seniorbonding']",2,17,122,Europe
"Embarked on a road trip to revisit cherished places from the past. Nostalgia, the ultimate travel companion. #RoadTrip #NostalgiaTour",Joy,2023-06-19 16:30:00,RoadTripSenior,Facebook,#CherishedPlaces #SeniorTravel,22.0,45.0,Canada,2023,6,19,16,Happiness & Joy,67.0,"['#cherishedplaces', '#seniortravel']",2,19,133,North America
"Joined a community choir, harmonizing with fellow voices. Music creates bonds that withstand time. #CommunityChoir #HarmonyInAging",Joy,2023-06-20 14:20:00,ChoirEnthusiast,Instagram,#MusicHarmony #SeniorVoices,20.0,40.0,USA,2023,6,20,14,Happiness & Joy,60.0,"['#musicharmony', '#seniorvoices']",2,16,130,North America
"Exploring the art of meditation, finding tranquility in the stillness of the mind. #MeditationJourney #TranquilMind",Contentment,2023-06-21 19:00:00,MeditationSenior,Twitter,#MindfulLiving #SeniorCalm,18.0,35.0,UK,2023,6,21,19,Calm & Peace,53.0,"['#mindfulliving', '#seniorcalm']",2,15,115,Europe
"Taking a stroll in the garden, appreciating the beauty of blooming flowers. Nature's wonders never cease. #GardenWalk #FloralBeauty",Contentment,2023-06-22 13:45:00,GardenEnthusiast,Facebook,#NatureWonders #SeniorGarden,25.0,50.0,USA,2023,6,22,13,Calm & Peace,75.0,"['#naturewonders', '#seniorgarden']",2,18,131,North America
"Sipping on a favorite vintage wine, each sip telling a story of the years gone by. Cheers to a life well-lived. #WineLover #VintageCheers",Contentment,2023-06-23 18:45:00,WineConnoisseur,Instagram,#LifeWellLived #SeniorWine,28.0,55.0,UK,2023,6,23,18,Calm & Peace,83.0,"['#lifewelllived', '#seniorwine']",2,23,137,Europe
"Participated in a community art class, unleashing creativity in the golden years. Art has no age limit. #ArtClass #SeniorArtistry",Joy,2023-06-24 16:15:00,ArtisticSenior,Twitter,#CreativityAtAnyAge #SeniorCreativity,22.0,45.0,Canada,2023,6,24,16,Happiness & Joy,67.0,"['#creativityatanyage', '#seniorcreativity']",2,19,129,North America
"Embarking on a journey of writing a memoir, documenting a lifetime of experiences. Every story matters. #MemoirWriting #SeniorStories",Gratitude,2023-06-25 20:30:00,MemoiristSenior,Facebook,#LifetimeExperiences #SeniorMemoir,35.0,70.0,USA,2023,6,25,20,Hope & Optimism,105.0,"['#lifetimeexperiences', '#seniormemoir']",2,18,133,North America
"Attended a lecture on history, always fascinated by the lessons from the past. Learning is a lifelong adventure. #HistoryLecture #SeniorLearning",Curiosity,2023-06-26 14:00:00,HistoryEnthusiast,Instagram,#LifetimeAdventure #SeniorCuriosity,30.0,60.0,UK,2023,6,26,14,Curiosity & Reflection,90.0,"['#lifetimeadventure', '#seniorcuriosity']",2,20,144,Europe
"Rediscovered the joy of cooking traditional family recipes. The kitchen, a place of cherished memories. #FamilyRecipes #SeniorCooking",Contentment,2023-06-27 17:45:00,FamilyChefSenior,Twitter,#KitchenMemories #SeniorCulinary,20.0,40.0,USA,2023,6,27,17,Calm & Peace,60.0,"['#kitchenmemories', '#seniorculinary']",2,17,133,North America
"Joined a nature photography club, capturing the beauty of the great outdoors. Every click is a connection to nature. #NaturePhotography #SeniorPhotographer",Joy,2023-06-28 22:15:00,NaturePhotographySenior,Facebook,#OutdoorBeauty #SeniorClicks,18.0,35.0,UK,2023,6,28,22,Happiness & Joy,53.0,"['#outdoorbeauty', '#seniorclicks']",2,21,155,Europe
"Attended a jazz concert and swayed to the rhythm of timeless tunes. Music, a constant companion in the golden years. #JazzConcert #SeniorMusic",Joy,2023-06-29 16:30:00,JazzMusicLover,Instagram,#TimelessTunes #SeniorJazz,25.0,50.0,USA,2023,6,29,16,Happiness & Joy,75.0,"['#timelesstunes', '#seniorjazz']",2,22,142,North America
"Joined a writing group, penning down thoughts and reflections. Writing, a journey into the depths of the soul. #WritingGroup #SeniorWriter",Gratitude,2023-06-30 19:30:00,SeniorWordsmith,Twitter,#SoulfulWriting #SeniorReflections,28.0,55.0,UK,2023,6,30,19,Hope & Optimism,83.0,"['#soulfulwriting', '#seniorreflections']",2,20,138,Europe
"Embarked on a solo travel adventure, discovering the beauty of new places at my own pace. #SoloTravel #SeniorExplorer",Excitement,2023-07-01 14:00:00,SoloAdventurer,Instagram,#DiscoverNewPlaces #SeniorTravel,30.0,60.0,USA,2023,7,1,14,Happiness & Joy,90.0,"['#discovernewplaces', '#seniortravel']",2,18,117,North America
"Attended a vintage car show, reminiscing about the classics that once ruled the roads. Nostalgia in every rev. #VintageCars #ClassicRides",Joy,2023-07-02 18:30:00,CarEnthusiastSenior,Facebook,#RoadTripDownMemoryLane #SeniorCars,22.0,45.0,UK,2023,7,2,18,Happiness & Joy,67.0,"['#roadtripdownmemorylane', '#seniorcars']",2,20,137,Europe
"Started a community garden, growing not just plants but friendships too. Green thumbs unite! #CommunityGarden #SeniorGardener",Joy,2023-07-03 12:45:00,GreenThumbSenior,Twitter,#GardenFriends #SeniorGreenThumb,28.0,55.0,Canada,2023,7,3,12,Happiness & Joy,83.0,"['#gardenfriends', '#seniorgreenthumb']",2,16,125,North America
"Hosted a family dinner, where laughter echoed louder than the clinking of utensils. Family, the heart of happiness. #FamilyDinner #SeniorHost",Contentment,2023-07-04 17:00:00,FamilyHostSenior,Instagram,#HeartwarmingMoments #SeniorFamily,35.0,70.0,USA,2023,7,4,17,Calm & Peace,105.0,"['#heartwarmingmoments', '#seniorfamily']",2,20,141,North America
"Enrolled in a dance class for seniors, moving to the rhythm of life. Age is just a number on the dance floor. #DanceClass #SeniorDancer",Joy,2023-07-05 20:15:00,DanceEnthusiastSenior,Twitter,#DanceLife #SeniorMoves,18.0,35.0,UK,2023,7,5,20,Happiness & Joy,53.0,"['#dancelife', '#seniormoves']",2,24,135,Europe
"Visited an art gallery, appreciating the brushstrokes that tell tales of creativity. Art, an eternal companion. #ArtGallery #SeniorArtLover",Joy,2023-07-06 14:30:00,ArtGalleryVisitor,Facebook,#CreativeExpressions #SeniorArt,25.0,50.0,USA,2023,7,6,14,Happiness & Joy,75.0,"['#creativeexpressions', '#seniorart']",2,18,139,North America
"Started a book club for seniors, where discussions are as lively as the characters in the novels. #BookClub #SeniorReaders",Joy,2023-07-07 19:45:00,SeniorBookClub,Instagram,#BookishTalks #SeniorBookworms,22.0,45.0,UK,2023,7,7,19,Happiness & Joy,67.0,"['#bookishtalks', '#seniorbookworms']",2,19,122,Europe
"Hosted a picnic in the park, basking in the warmth of friendship and sunshine. Simple joys, timeless memories. #ParkPicnic #SeniorJoy",Contentment,2023-07-08 16:00:00,SeniorPicnicHost,Twitter,#FriendshipSunshine #SeniorMemories,30.0,60.0,Canada,2023,7,8,16,Calm & Peace,90.0,"['#friendshipsunshine', '#seniormemories']",2,20,133,North America
"Participated in a local theater production, proving that the stage belongs to every age. #TheaterProduction #SeniorActor",Joy,2023-07-09 22:30:00,SeniorActor,Facebook,#StagePassion #SeniorTheater,20.0,40.0,USA,2023,7,9,22,Happiness & Joy,60.0,"['#stagepassion', '#seniortheater']",2,16,120,North America
"Embarked on a hiking adventure, conquering trails and relishing the beauty of nature. Age is just a number on the mountaintop. #HikingAdventure #SeniorHiker",Excitement,2023-07-10 14:20:00,SeniorHikerExplorer,Instagram,#NatureTrailBlazer #SeniorExplorer,28.0,55.0,UK,2023,7,10,14,Happiness & Joy,83.0,"['#naturetrailblazer', '#seniorexplorer']",2,23,156,Europe
Hosted a photography exhibition featuring snapshots of a life well-lived. Every photo has a story to tell. #PhotographyExhibition #SeniorPhotographer,Gratitude,2023-07-11 18:45:00,SeniorPhotographerExhibitor,Twitter,#LifeInPictures #SeniorExhibition,22.0,45.0,Canada,2023,7,11,18,Hope & Optimism,67.0,"['#lifeinpictures', '#seniorexhibition']",2,19,149,North America
"Joined a seniors' cycling club, feeling the wind in my hair and the freedom of the open road. #CyclingClub #SeniorCyclist",Excitement,2023-07-12 13:45:00,SeniorCyclingEnthusiast,Facebook,#OpenRoadAdventures #SeniorCycling,25.0,50.0,USA,2023,7,12,13,Happiness & Joy,75.0,"['#openroadadventures', '#seniorcycling']",2,20,121,North America
"Attended a wine tasting event, savoring the richness of flavors that age like fine wine. Cheers to the golden years! #WineTasting #SeniorWineLover",Joy,2023-07-13 20:00:00,SeniorWineConnoisseur,Instagram,#AgedToPerfection #SeniorCheers,35.0,70.0,UK,2023,7,13,20,Happiness & Joy,105.0,"['#agedtoperfection', '#seniorcheers']",2,22,146,Europe
"Started learning ballroom dancing, gliding gracefully across the dance floor. Ageless elegance in every step. #BallroomDancing #SeniorDancer",Joy,2023-07-14 16:15:00,SeniorBallroomDancer,Twitter,#GracefulMoves #SeniorDance,20.0,40.0,USA,2023,7,14,16,Happiness & Joy,60.0,"['#gracefulmoves', '#seniordance']",2,17,140,North America
"Organized a community painting event, turning blank canvases into a masterpiece of shared creativity. #PaintingEvent #SeniorArtist",Joy,2023-07-15 19:30:00,SeniorPaintingOrganizer,Facebook,#CommunityArt #SeniorCreativity,28.0,55.0,Canada,2023,7,15,19,Happiness & Joy,83.0,"['#communityart', '#seniorcreativity']",2,16,130,North America
"Hosted a 'memory lane' evening with old friends, reminiscing about the adventures that shaped our lives. #MemoryLane #SeniorReminiscing",Gratitude,2023-07-16 14:00:00,SeniorMemoriesHost,Instagram,#FriendshipAdventures #SeniorNostalgia,30.0,60.0,USA,2023,7,16,14,Hope & Optimism,90.0,"['#friendshipadventures', '#seniornostalgia']",2,18,135,North America
"Joined a seniors' astronomy club, stargazing and finding wonder in the vastness of the cosmos. #AstronomyClub #SeniorStargazer",Curiosity,2023-07-17 22:15:00,SeniorStargazer,Twitter,#CelestialWonders #SeniorAstronomy,18.0,35.0,UK,2023,7,17,22,Curiosity & Reflection,53.0,"['#celestialwonders', '#seniorastronomy']",2,17,126,Europe
"Attended a local jazz festival, tapping toes to the tunes that have stood the test of time. Music, a lifelong love affair. #JazzFestival #SeniorMusicLover",Joy,2023-07-18 16:30:00,SeniorJazzFestivalGoer,Facebook,#TimelessTunes #SeniorJazz,25.0,50.0,USA,2023,7,18,16,Happiness & Joy,75.0,"['#timelesstunes', '#seniorjazz']",2,24,154,North America
"Started a blog sharing the wisdom gained through the years, proving that every day is a chance to learn and grow. #SeniorWisdom #Blog",Gratitude,2023-07-19 19:45:00,WisdomBloggerSenior,Instagram,#LifeLessons #SeniorBlog,22.0,45.0,UK,2023,7,19,19,Hope & Optimism,67.0,"['#lifelessons', '#seniorblog']",2,23,133,Europe
"Participated in a charity run, proving that age is no barrier to supporting meaningful causes. #CharityRun #SeniorRunner",Excitement,2023-07-20 17:00:00,SeniorCharityRunner,Twitter,#RunForACause #SeniorSupport,30.0,60.0,Canada,2023,7,20,17,Happiness & Joy,90.0,"['#runforacause', '#seniorsupport']",2,17,120,North America
"Survived a challenging physics exam. Equations, you won't defeat me!",Relief,2023-08-01 13:30:00,PhysicsWhizHighSchool,Instagram,#PhysicsSurvivor #HighSchoolAdventures,20.0,40.0,USA,2023,8,1,13,Hope & Optimism,60.0,"['#physicssurvivor', '#highschooladventures']",2,10,68,North America
Exploring the world of coding. Debugging is an adventure on its own! #CodingJourney #HighSchoolCoder,Excitement,2023-08-02 14:45:00,CodeExplorerHighSchool,Twitter,#CodingAdventure #HighSchoolCoderLife,25.0,50.0,UK,2023,8,2,14,Happiness & Joy,75.0,"['#codingadventure', '#highschoolcoderlife']",2,14,100,Europe
"Joined the school debate team. Words are my weapons, and I'm ready for battle!",Excitement,2023-08-03 12:15:00,DebateWarriorHighSchool,Facebook,#DebateWarrior #HighSchoolDebater,18.0,35.0,Canada,2023,8,3,12,Happiness & Joy,53.0,"['#debatewarrior', '#highschooldebater']",2,14,78,North America
"Started a photography club at school. Capturing moments, one snapshot at a time!",Joy,2023-08-04 16:30:00,PhotoClubHighSchool,Instagram,#PhotographyClub #HighSchoolPhotographer,22.0,45.0,USA,2023,8,4,16,Happiness & Joy,67.0,"['#photographyclub', '#highschoolphotographer']",2,13,80,North America
"Daydreaming about the upcoming prom. The dress, the dance – it's a fairytale in the making!",Excitement,2023-08-05 19:45:00,PromDreamerHighSchool,Twitter,#PromDreams #HighSchoolFairytale,30.0,60.0,Canada,2023,8,5,19,Happiness & Joy,90.0,"['#promdreams', '#highschoolfairytale']",2,16,91,North America
Convinced the teacher to have class outdoors. Learning equations with a side of fresh air!,Positive,2023-08-06 14:00:00,OutdoorClassHighSchool,Facebook,#OutdoorClassroom #HighSchoolExplorer,28.0,55.0,USA,2023,8,6,14,Happiness & Joy,83.0,"['#outdoorclassroom', '#highschoolexplorer']",2,15,90,North America
"Accidentally spilled paint in art class. Abstract art, right? #ArtClassAdventures #HighSchoolArtist",Embarrassed,2023-08-07 19:45:00,PaintSpillHighSchool,Instagram,#ArtisticMishaps #HighSchoolArt,22.0,45.0,UK,2023,8,7,19,Shame & Embarrassment,67.0,"['#artisticmishaps', '#highschoolart']",2,11,99,Europe
Trying to master the perfect kickflip on my skateboard. Skating into the weekend like a pro!,Excitement,2023-08-08 16:00:00,SkateProHighSchool,Twitter,#SkaterLife #HighSchoolSkater,30.0,60.0,Canada,2023,8,8,16,Happiness & Joy,90.0,"['#skaterlife', '#highschoolskater']",2,16,92,North America
Bonding with friends over the latest K-pop sensation. Fangirling at its finest!,Joy,2023-08-09 22:30:00,KpopFangirlHighSchool,Facebook,#KpopFangirl #HighSchoolMusic,20.0,40.0,USA,2023,8,9,22,Happiness & Joy,60.0,"['#kpopfangirl', '#highschoolmusic']",2,12,79,North America
Spent hours perfecting a chemistry experiment. Mixing potions like a wizard!,Joy,2023-08-10 14:20:00,ChemistryWizardHighSchool,Instagram,#ChemistryWizard #HighSchoolScientist,28.0,55.0,UK,2023,8,10,14,Happiness & Joy,83.0,"['#chemistrywizard', '#highschoolscientist']",2,11,76,Europe
Successfully organized a surprise birthday party for a friend. Party planning expert mode: Achieved!,Joy,2023-08-11 18:45:00,BirthdayPartyPlannerHighSchool,Twitter,#BirthdayParty #HighSchoolCelebration,22.0,45.0,Canada,2023,8,11,18,Happiness & Joy,67.0,"['#birthdayparty', '#highschoolcelebration']",2,14,100,North America
"Joined the drama club to unleash my inner actor. Lights, camera, action!",Excitement,2023-08-12 13:45:00,DramaClubStarHighSchool,Facebook,#DramaClubStar #HighSchoolActor,25.0,50.0,USA,2023,8,12,13,Happiness & Joy,75.0,"['#dramaclubstar', '#highschoolactor']",2,12,72,North America
Got my hands on the latest fantasy novel. Diving into realms of magic and adventure!,Excitement,2023-08-13 20:00:00,FantasyBookNerdHighSchool,Instagram,#FantasyBookNerd #HighSchoolReader,35.0,70.0,UK,2023,8,13,20,Happiness & Joy,105.0,"['#fantasybooknerd', '#highschoolreader']",2,15,84,Europe
Mastering the art of the perfect doodle during boring classes. Doodles: A+!,Joy,2023-08-14 16:15:00,DoodleMasterHighSchool,Twitter,#DoodleMaster #HighSchoolArt,20.0,40.0,USA,2023,8,14,16,Happiness & Joy,60.0,"['#doodlemaster', '#highschoolart']",2,12,75,North America
Attempting to break the school record for the longest handstand. Wish me luck!,Excitement,2023-08-15 19:30:00,HandstandChallengeHighSchool,Facebook,#HandstandChallenge #HighSchoolAthlete,28.0,55.0,Canada,2023,8,15,19,Happiness & Joy,83.0,"['#handstandchallenge', '#highschoolathlete']",2,13,78,North America
Sneaking snacks into class like a pro. The art of snack-smuggling is a sacred skill!,Mischievous,2023-08-16 14:00:00,SnackSmugglerHighSchool,Instagram,#SnackSmuggler #HighSchoolSnacks,30.0,60.0,USA,2023,8,16,14,Neutral / General,90.0,"['#snacksmuggler', '#highschoolsnacks']",2,15,84,North America
Hosting a sleepover with friends this weekend. Preparing for a night of laughter and memories!,Excitement,2023-08-17 22:15:00,SleepoverHostHighSchool,Twitter,#SleepoverFun #HighSchoolMemories,18.0,35.0,UK,2023,8,17,22,Happiness & Joy,53.0,"['#sleepoverfun', '#highschoolmemories']",2,15,94,Europe
"Spent hours on a TikTok dance, only to realize I have two left feet. Dance fail: Unleashed!",Embarrassed,2023-08-18 16:30:00,TikTokFailHighSchool,Facebook,#DanceFail #HighSchoolTikTok,25.0,50.0,USA,2023,8,18,16,Shame & Embarrassment,75.0,"['#dancefail', '#highschooltiktok']",2,17,91,North America
Accidentally liked my crush's old photo while stalking their profile. Awkward level: Maximum!,Embarrassed,2023-08-19 19:45:00,SocialMediaBlunderHighSchool,Instagram,#SocialMediaBlunder #HighSchoolAwkward,22.0,45.0,UK,2023,8,19,19,Shame & Embarrassment,67.0,"['#socialmediablunder', '#highschoolawkward']",2,13,93,Europe
Tried to impress my crush with a smooth conversation. Ended up spilling my drink. Smooth level: Nonexistent!,Embarrassed,2023-08-20 17:00:00,CrushFailHighSchool,Twitter,#CrushFail #HighSchoolEmbarrassment,30.0,60.0,Canada,2023,8,20,17,Shame & Embarrassment,90.0,"['#crushfail', '#highschoolembarrassment']",2,17,108,North America
Mastered the art of creating paper airplanes during lecture. Paper planes: Soaring to new heights!,Joy,2023-08-21 15:45:00,PaperPlaneExpertHighSchool,Instagram,#PaperPlaneExpert #HighSchoolArt,15.0,30.0,USA,2023,8,21,15,Happiness & Joy,45.0,"['#paperplaneexpert', '#highschoolart']",2,15,98,North America
Trying to set a new trend by juggling textbooks between classes. Academic juggling: A unique skill!,Excitement,2023-08-22 12:30:00,JugglingProHighSchool,Facebook,#TextbookJuggling #HighSchoolSkills,22.0,40.0,Canada,2023,8,22,12,Happiness & Joy,62.0,"['#textbookjuggling', '#highschoolskills']",2,16,99,North America
Hiding a snack stash in my backpack for emergency cravings. Snack ninja mode: Activated!,Mischievous,2023-08-23 16:45:00,SnackNinjaHighSchool,Twitter,#SnackNinja #HighSchoolSnacks,28.0,55.0,USA,2023,8,23,16,Neutral / General,83.0,"['#snackninja', '#highschoolsnacks']",2,14,88,North America
Planning a surprise scavenger hunt for friends. Anticipating the thrill and excitement!,Excitement,2023-08-24 18:20:00,ScavengerHuntMasterHighSchool,Instagram,#SurpriseAdventure #HighSchoolFun,20.0,38.0,UK,2023,8,24,18,Happiness & Joy,58.0,"['#surpriseadventure', '#highschoolfun']",2,12,87,Europe
Danced in the rain to celebrate the end of exams. Rain dance: Unexpectedly refreshing!,Joy,2023-08-25 14:15:00,RainDanceCelebrationHighSchool,Facebook,#RainDance #HighSchoolJoy,25.0,50.0,Canada,2023,8,25,14,Happiness & Joy,75.0,"['#raindance', '#highschooljoy']",2,14,86,North America
Accidentally sent a text meant for a friend to the class group chat. Texting fail: Oops moment!,Embarrassed,2023-08-26 17:30:00,GroupChatBlunderHighSchool,Twitter,#TextingFail #HighSchoolAwkward,18.0,35.0,USA,2023,8,26,17,Shame & Embarrassment,53.0,"['#textingfail', '#highschoolawkward']",2,17,95,North America
Tried a magic trick to impress classmates. Magic fail: Where did that rabbit go?,Embarrassed,2023-08-27 20:45:00,MagicFailHighSchool,Instagram,#MagicFail #HighSchoolMagic,22.0,45.0,UK,2023,8,27,20,Shame & Embarrassment,67.0,"['#magicfail', '#highschoolmagic']",2,14,80,Europe
Perfecting the art of creating origami during a dull lecture. Origami mastery: A+!,Joy,2023-08-28 16:00:00,OrigamiProHighSchool,Twitter,#OrigamiMaster #HighSchoolArt,18.0,36.0,USA,2023,8,28,16,Happiness & Joy,54.0,"['#origamimaster', '#highschoolart']",2,13,82,North America
Attempting to set a new record for the most consecutive hacky sack kicks. Hacky sack skills: Unleashed!,Excitement,2023-08-29 13:45:00,HackySackChampionHighSchool,Instagram,#HackySackChallenge #HighSchoolAthlete,26.0,48.0,Canada,2023,8,29,13,Happiness & Joy,74.0,"['#hackysackchallenge', '#highschoolathlete']",2,17,103,North America
Creating a secret handshake with friends. Friendship level: Expert!,Joy,2023-08-30 17:30:00,SecretHandshakeHighSchool,Facebook,#FriendshipGoals #HighSchoolMemories,20.0,40.0,USA,2023,8,30,17,Happiness & Joy,60.0,"['#friendshipgoals', '#highschoolmemories']",2,9,67,North America
Embarking on a mission to find the best burger joint in town. Burger connoisseur: Reporting for duty!,Excitement,2023-08-31 20:15:00,BurgerQuestHighSchool,Twitter,#BurgerQuest #HighSchoolFoodie,24.0,42.0,UK,2023,8,31,20,Happiness & Joy,66.0,"['#burgerquest', '#highschoolfoodie']",2,17,101,Europe
Practicing a stand-up comedy routine for the upcoming talent show. Comedy gig: In the making!,Joy,2023-09-01 14:45:00,ComedyGeniusHighSchool,Instagram,#StandUpComedy #HighSchoolTalent,21.0,39.0,Canada,2023,9,1,14,Happiness & Joy,60.0,"['#standupcomedy', '#highschooltalent']",2,15,93,North America
Accidentally sent a love letter to the wrong person. Love note fail: Maximum embarrassment!,Embarrassed,2023-09-02 18:30:00,LoveLetterBlunderHighSchool,Facebook,#LoveLetterFail #HighSchoolAwkward,17.0,33.0,USA,2023,9,2,18,Shame & Embarrassment,50.0,"['#loveletterfail', '#highschoolawkward']",2,14,91,North America
Attempting to impress the teacher with an elaborate science experiment. Science geek mode: Activated!,Excitement,2023-09-03 22:00:00,ScienceExperimentProHighSchool,Twitter,#ScienceGeek #HighSchoolExperiments,23.0,44.0,UK,2023,9,3,22,Happiness & Joy,67.0,"['#sciencegeek', '#highschoolexperiments']",2,14,101,Europe
Crafting intricate friendship bracelets for the whole squad. Friendship level: Expert weaver!,Joy,2023-09-04 15:15:00,BraceletCraftsmanHighSchool,Instagram,#FriendshipBracelets #HighSchoolCrafts,19.0,37.0,USA,2023,9,4,15,Happiness & Joy,56.0,"['#friendshipbracelets', '#highschoolcrafts']",2,12,93,North America
Attempting to beat the record for the most consecutive cartwheels. Cartwheel challenge: Underway!,Excitement,2023-09-05 12:30:00,CartwheelMasterHighSchool,Twitter,#CartwheelChallenge #HighSchoolAthlete,27.0,52.0,Canada,2023,9,5,12,Happiness & Joy,79.0,"['#cartwheelchallenge', '#highschoolathlete']",2,13,97,North America
Organizing a movie marathon with friends. Popcorn and cinematic adventures await!,Joy,2023-09-06 16:45:00,MovieMarathonHostHighSchool,Facebook,#MovieNight #HighSchoolMemories,22.0,43.0,UK,2023,9,6,16,Happiness & Joy,65.0,"['#movienight', '#highschoolmemories']",2,11,81,Europe
Experimenting with a new hair color. A bold change for a bold semester!,Excitement,2023-09-07 18:20:00,HairColorExperimentHighSchool,Instagram,#HairExperiment #HighSchoolStyle,20.0,39.0,USA,2023,9,7,18,Happiness & Joy,59.0,"['#hairexperiment', '#highschoolstyle']",2,13,71,North America
Building a time capsule to capture memories for the future. Time-traveling emotions!,Joy,2023-09-08 14:15:00,TimeCapsuleCreatorHighSchool,Facebook,#TimeCapsule #HighSchoolNostalgia,26.0,48.0,Canada,2023,9,8,14,Happiness & Joy,74.0,"['#timecapsule', '#highschoolnostalgia']",2,12,84,North America
Accidentally walked into the wrong classroom on the first day. Classroom mix-up: Awkward start!,Embarrassed,2023-09-09 17:30:00,ClassroomBlunderHighSchool,Twitter,#FirstDayOops #HighSchoolEmbarrassment,16.0,32.0,USA,2023,9,9,17,Shame & Embarrassment,48.0,"['#firstdayoops', '#highschoolembarrassment']",2,14,95,North America
Trying out a new smoothie recipe for a healthy start to the week. Smoothie enthusiast: Level up!,Excitement,2023-09-10 20:45:00,SmoothieConnoisseurHighSchool,Instagram,#HealthyLiving #HighSchoolWellness,23.0,42.0,UK,2023,9,10,20,Happiness & Joy,65.0,"['#healthyliving', '#highschoolwellness']",2,17,96,Europe
Reflecting on the challenges of the school year. Feeling a bit overwhelmed with assignments.,Sad,2023-09-11 15:45:00,OverwhelmedHighSchoolStudent,Twitter,#SchoolChallenges #HighSchoolStruggles,15.0,28.0,USA,2023,9,11,15,Sadness & Loss,43.0,"['#schoolchallenges', '#highschoolstruggles']",2,14,92,North America
Encountered some mean-spirited comments online. Dealing with online hate is never easy.,Hate,2023-09-12 12:30:00,DealingWithHateHighSchool,Instagram,#OnlineHate #HighSchoolReality,18.0,36.0,Canada,2023,9,12,12,Anger & Resentment,54.0,"['#onlinehate', '#highschoolreality']",2,12,87,North America
Had a bad day at school. Everything seems to be going wrong.,Bad,2023-09-13 16:45:00,ToughDayHighSchool,Facebook,#BadDay #HighSchoolBlues,20.0,40.0,UK,2023,9,13,16,Sadness & Loss,60.0,"['#badday', '#highschoolblues']",2,12,60,Europe
Feeling down after not making the sports team. Disappointment lingers.,Sad,2023-09-14 18:20:00,SportsTeamRejectionHighSchool,Twitter,#Disappointment #HighSchoolSports,17.0,34.0,USA,2023,9,14,18,Sadness & Loss,51.0,"['#disappointment', '#highschoolsports']",2,10,70,North America
Witnessed a heated argument in the cafeteria. Unpleasant atmosphere at lunch.,Hate,2023-09-15 14:15:00,CafeteriaConflictHighSchool,Instagram,#CafeteriaDrama #HighSchoolTension,21.0,41.0,Canada,2023,9,15,14,Anger & Resentment,62.0,"['#cafeteriadrama', '#highschooltension']",2,11,77,North America
Received a not-so-great grade on a major project. Academic frustration setting in.,Bad,2023-09-16 17:30:00,ProjectGradeDisappointmentHighSchool,Facebook,#AcademicFrustration #HighSchoolStress,19.0,38.0,UK,2023,9,16,17,Sadness & Loss,57.0,"['#academicfrustration', '#highschoolstress']",2,12,82,Europe
Dealing with a personal setback. Sometimes life throws unexpected challenges.,Sad,2023-09-17 20:45:00,PersonalSetbackHighSchool,Twitter,#LifeChallenges #HighSchoolStruggles,22.0,44.0,USA,2023,9,17,20,Sadness & Loss,66.0,"['#lifechallenges', '#highschoolstruggles']",2,10,77,North America
Feeling lonely on a Saturday night. Sometimes solitude hits harder than expected.,Sad,2023-09-18 22:00:00,LonelySaturdayHighSchool,Instagram,#LonelyNights #HighSchoolEmotions,16.0,31.0,Canada,2023,9,18,22,Sadness & Loss,47.0,"['#lonelynights', '#highschoolemotions']",2,12,81,North America
Experiencing cyberbullying. Hateful messages online are disheartening.,Hate,2023-09-19 15:15:00,CyberbullyingVictimHighSchool,Facebook,#StopCyberbullying #HighSchoolReality,14.0,27.0,UK,2023,9,19,15,Anger & Resentment,41.0,"['#stopcyberbullying', '#highschoolreality']",2,7,70,Europe
Caught in a torrential rainstorm without an umbrella. Today's weather is just bad luck.,Bad,2023-09-20 12:30:00,RainyDayBluesHighSchool,Twitter,#BadLuck #HighSchoolWeather,18.0,35.0,USA,2023,9,20,12,Sadness & Loss,53.0,"['#badluck', '#highschoolweather']",2,14,87,North America
Missing an important event due to unforeseen circumstances. A day filled with sadness.,Sad,2023-09-21 16:45:00,MissedOpportunityHighSchool,Instagram,#MissedChances #HighSchoolRegret,20.0,39.0,Canada,2023,9,21,16,Sadness & Loss,59.0,"['#missedchances', '#highschoolregret']",2,13,86,North America
Dealing with unfounded rumors circulating about personal life. Rumors can be hurtful.,Hate,2023-09-22 18:20:00,RumorVictimHighSchool,Facebook,#RumorMills #HighSchoolDrama,23.0,46.0,UK,2023,9,22,18,Anger & Resentment,69.0,"['#rumormills', '#highschooldrama']",2,12,85,Europe
Got a flat tire on the way to an important meeting. Talk about a series of bad events!,Bad,2023-09-23 14:15:00,FlatTireWoesHighSchool,Twitter,#BadLuckDay #HighSchoolStruggles,25.0,50.0,USA,2023,9,23,14,Sadness & Loss,75.0,"['#badluckday', '#highschoolstruggles']",2,18,86,North America
Feeling a sense of emptiness after a close friend moves away. Farewells are always sad.,Sad,2023-09-24 17:30:00,FriendMovingAwayHighSchool,Instagram,#SayingGoodbye #HighSchoolEmotions,21.0,42.0,Canada,2023,9,24,17,Sadness & Loss,63.0,"['#sayinggoodbye', '#highschoolemotions']",2,15,87,North America
Facing rejection from a dream college. Disheartened but determined to explore other paths.,Sad,2023-09-25 20:45:00,CollegeRejectionHighSchool,Facebook,#CollegeDreams #HighSchoolJourney,19.0,37.0,UK,2023,9,25,20,Sadness & Loss,56.0,"['#collegedreams', '#highschooljourney']",2,13,90,Europe
Encountering online toxicity during a gaming session. Hateful comments can ruin the fun.,Hate,2023-09-26 14:15:00,GamingToxicityHighSchool,Twitter,#OnlineGaming #HighSchoolGamer,16.0,32.0,USA,2023,9,26,14,Anger & Resentment,48.0,"['#onlinegaming', '#highschoolgamer']",2,13,88,North America
Having a bad hair day and feeling self-conscious. Bad hair days can affect confidence.,Bad,2023-09-27 17:30:00,BadHairDayBluesHighSchool,Instagram,#BadHairDay #HighSchoolConfidence,18.0,36.0,Canada,2023,9,27,17,Sadness & Loss,54.0,"['#badhairday', '#highschoolconfidence']",2,14,86,North America
Feeling a sense of despair after a major project failure. Hard work didn't pay off this time.,Sad,2023-09-28 22:00:00,ProjectFailureDespairHighSchool,Facebook,#ProjectStruggles #HighSchoolHardships,21.0,41.0,UK,2023,9,28,22,Sadness & Loss,62.0,"['#projectstruggles', '#highschoolhardships']",2,17,93,Europe
Experiencing hate comments for expressing personal opinions. Online negativity prevails.,Hate,2023-09-29 15:45:00,OpinionsHateHighSchool,Twitter,#OnlineOpinions #HighSchoolCriticism,24.0,48.0,USA,2023,9,29,15,Anger & Resentment,72.0,"['#onlineopinions', '#highschoolcriticism']",2,10,88,North America
Having a string of bad luck with constant technology malfunctions. Tech troubles galore!,Bad,2023-09-30 18:20:00,TechMalfunctionWoesHighSchool,Instagram,#TechIssues #HighSchoolTech,22.0,43.0,Canada,2023,9,30,18,Sadness & Loss,65.0,"['#techissues', '#highschooltech']",2,13,88,North America
Missing out on a long-anticipated event due to unexpected circumstances. A day filled with sadness.,Sad,2023-10-01 14:15:00,MissedEventBluesHighSchool,Facebook,#MissedMoments #HighSchoolRegret,20.0,39.0,UK,2023,10,1,14,Sadness & Loss,59.0,"['#missedmoments', '#highschoolregret']",2,15,99,Europe
Trying out a new study technique for upcoming exams. Exploring different learning strategies.,Neutral,2023-10-02 16:45:00,StudyTechniqueExperimentHighSchool,Instagram,#StudyStrategies #HighSchoolExams,23.0,42.0,USA,2023,10,2,16,Neutral / General,65.0,"['#studystrategies', '#highschoolexams']",2,13,93,North America
Organizing a community cleanup event for a cleaner neighborhood. Promoting environmental awareness.,Neutral,2023-10-03 12:30:00,CommunityCleanupHighSchool,Twitter,#EnvironmentalEfforts #HighSchoolCommunity,26.0,50.0,Canada,2023,10,3,12,Neutral / General,76.0,"['#environmentalefforts', '#highschoolcommunity']",2,12,99,North America
Sharing favorite book recommendations with classmates. Building a mini book club.,Neutral,2023-10-04 18:20:00,BookRecommendationsHighSchool,Facebook,#BookClub #HighSchoolReads,19.0,38.0,UK,2023,10,4,18,Neutral / General,57.0,"['#bookclub', '#highschoolreads']",2,11,81,Europe
Experimenting with a new recipe for a school bake sale. Baking adventures in the kitchen.,Neutral,2023-10-05 14:15:00,BakeSaleRecipeExperimentHighSchool,Instagram,#BakingAdventures #HighSchoolBakes,21.0,43.0,USA,2023,10,5,14,Neutral / General,64.0,"['#bakingadventures', '#highschoolbakes']",2,15,89,North America
Collaborating on a school project with peers. Teamwork makes the dream work.,Neutral,2023-10-06 17:30:00,SchoolProjectCollaborationHighSchool,Twitter,#Teamwork #HighSchoolProjects,18.0,36.0,Canada,2023,10,6,17,Neutral / General,54.0,"['#teamwork', '#highschoolprojects']",2,12,76,North America
Attending a school club meeting to explore new interests. Dabbling in extracurricular activities.,Neutral,2023-10-07 20:45:00,ExtracurricularExplorationHighSchool,Instagram,#SchoolClubs #HighSchoolInterests,22.0,45.0,UK,2023,10,7,20,Neutral / General,67.0,"['#schoolclubs', '#highschoolinterests']",2,13,97,Europe
Exploring a new part-time job opportunity for gaining work experience. Career development in progress.,Neutral,2023-10-08 15:15:00,PartTimeJobExplorationHighSchool,Facebook,#CareerDevelopment #HighSchoolJobs,24.0,48.0,USA,2023,10,8,15,Neutral / General,72.0,"['#careerdevelopment', '#highschooljobs']",2,14,102,North America
Attending a school assembly to stay informed about upcoming events and announcements. Staying connected with school activities.,Neutral,2023-10-09 22:00:00,SchoolAssemblyParticipationHighSchool,Twitter,#SchoolEvents #HighSchoolConnectivity,20.0,40.0,Canada,2023,10,9,22,Neutral / General,60.0,"['#schoolevents', '#highschoolconnectivity']",2,17,127,North America
Exploring a new hobby of photography during free time. Capturing moments through a lens.,Neutral,2023-10-10 14:15:00,PhotographyHobbyHighSchool,Instagram,#PhotographyJourney #HighSchoolHobbies,25.0,49.0,UK,2023,10,10,14,Neutral / General,74.0,"['#photographyjourney', '#highschoolhobbies']",2,14,88,Europe
Participating in a science fair to showcase a unique experiment. Sharing knowledge with peers.,Neutral,2023-10-11 16:45:00,ScienceFairParticipationHighSchool,Facebook,#ScienceFair #HighSchoolScience,19.0,37.0,USA,2023,10,11,16,Neutral / General,56.0,"['#sciencefair', '#highschoolscience']",2,14,94,North America
Attending a workshop on time management to enhance organizational skills. Striving for efficiency.,Neutral,2023-10-12 18:20:00,TimeManagementWorkshopHighSchool,Twitter,#EfficiencyGoals #HighSchoolSkills,23.0,44.0,Canada,2023,10,12,18,Neutral / General,67.0,"['#efficiencygoals', '#highschoolskills']",2,13,98,North America
Volunteering at a local charity event to give back to the community. Contributing to social causes.,Neutral,2023-10-13 12:30:00,CharityEventVolunteerHighSchool,Instagram,#CommunityService #HighSchoolVolunteer,20.0,39.0,UK,2023,10,13,12,Neutral / General,59.0,"['#communityservice', '#highschoolvolunteer']",2,16,99,Europe
Collaborating on a group project to promote teamwork and shared responsibilities. Group effort in action.,Neutral,2023-10-14 17:30:00,GroupProjectCollaborationHighSchool,Facebook,#TeamSpirit #HighSchoolProjects,18.0,35.0,USA,2023,10,14,17,Neutral / General,53.0,"['#teamspirit', '#highschoolprojects']",2,15,105,North America
Participating in a debate club to enhance critical thinking and communication skills. Intellectual engagement in progress.,Neutral,2023-10-15 20:45:00,DebateClubParticipationHighSchool,Twitter,#DebateSkills #HighSchoolIntellect,22.0,43.0,Canada,2023,10,15,20,Neutral / General,65.0,"['#debateskills', '#highschoolintellect']",2,16,122,North America
Celebrating a friend's birthday with a surprise party. Joyful moments and laughter all around!,Happy,2023-10-16 15:45:00,BirthdaySurpriseHighSchool,Instagram,#SurpriseParty #HighSchoolCelebration,27.0,52.0,UK,2023,10,16,15,Happiness & Joy,79.0,"['#surpriseparty', '#highschoolcelebration']",2,14,94,Europe
Successfully completing a challenging coding project. Excitement for overcoming coding hurdles!,Happy,2023-10-17 12:30:00,CodingSuccessHighSchool,Twitter,#CodingTriumph #HighSchoolTech,24.0,48.0,USA,2023,10,17,12,Happiness & Joy,72.0,"['#codingtriumph', '#highschooltech']",2,11,95,North America
Attending a school talent show to support classmates. Applauding the diverse talents on display!,Happy,2023-10-18 16:45:00,TalentShowSupportHighSchool,Facebook,#TalentShow #HighSchoolEntertainment,19.0,38.0,Canada,2023,10,18,16,Happiness & Joy,57.0,"['#talentshow', '#highschoolentertainment']",2,14,96,North America
"Exploring a new hiking trail with friends over the weekend. Nature, laughter, and good vibes!",Happy,2023-10-19 18:20:00,WeekendHikeHighSchool,Instagram,#NatureAdventures #HighSchoolFriends,21.0,42.0,UK,2023,10,19,18,Happiness & Joy,63.0,"['#natureadventures', '#highschoolfriends']",2,15,93,Europe
Winning a friendly sports competition against rival schools. Victory celebrations in full swing!,Happy,2023-10-20 14:15:00,SportsVictoryHighSchool,Twitter,#SportsTriumph #HighSchoolAthletics,26.0,50.0,USA,2023,10,20,14,Happiness & Joy,76.0,"['#sportstriumph', '#highschoolathletics']",2,13,96,North America
Receiving a heartfelt letter from a pen pal in another country. Connecting across the globe!,Happy,2023-10-21 17:30:00,PenPalConnectionHighSchool,Facebook,#GlobalFriendship #HighSchoolCorrespondence,23.0,45.0,Canada,2023,10,21,17,Happiness & Joy,68.0,"['#globalfriendship', '#highschoolcorrespondence']",2,15,92,North America
Creating a beautiful mural with fellow art enthusiasts. The power of collaboration and creativity!,Happy,2023-10-22 20:45:00,MuralCreationHighSchool,Instagram,#ArtCollaboration #HighSchoolCreativity,22.0,43.0,UK,2023,10,22,20,Happiness & Joy,65.0,"['#artcollaboration', '#highschoolcreativity']",2,14,98,Europe
Participating in a school-wide art exhibition. Witnessing creativity and spreading positive vibes!,Happy,2015-11-10 16:45:00,ArtExhibitionJoyHighSchool,Instagram,#ArtisticExpression #HighSchoolCreativity,23.0,44.0,USA,2015,11,10,16,Happiness & Joy,67.0,"['#artisticexpression', '#highschoolcreativity']",2,12,98,North America
Achieving a personal best in a track and field competition. The thrill of victory and self-improvement!,Happy,2016-09-14 12:30:00,TrackFieldSuccessHighSchool,Twitter,#AthleticAchievement #HighSchoolSports,26.0,51.0,Canada,2016,9,14,12,Happiness & Joy,77.0,"['#athleticachievement', '#highschoolsports']",2,16,103,North America
Collaborating on a science project that received recognition at a regional fair. Science triumphs and smiles!,Happy,2017-08-18 18:20:00,ScienceProjectSuccessHighSchool,Facebook,#ScienceFairWinner #HighSchoolScience,20.0,39.0,UK,2017,8,18,18,Happiness & Joy,59.0,"['#sciencefairwinner', '#highschoolscience']",2,16,109,Europe
"Attending a surprise birthday party organized by friends. Surrounded by love, laughter, and good company!",Happy,2018-06-22 14:15:00,BirthdayPartyJoyHighSchool,Instagram,#SurpriseCelebration #HighSchoolFriendship,25.0,48.0,USA,2018,6,22,14,Happiness & Joy,73.0,"['#surprisecelebration', '#highschoolfriendship']",2,15,105,North America
Successfully fundraising for a school charity initiative. The joy of giving back to the community!,Happy,2019-04-05 17:30:00,CharityFundraisingTriumphHighSchool,Twitter,#CommunityGiving #HighSchoolPhilanthropy,22.0,42.0,Canada,2019,4,5,17,Happiness & Joy,64.0,"['#communitygiving', '#highschoolphilanthropy']",2,15,98,North America
"Participating in a multicultural festival, celebrating diversity with music, dance, and delicious food!",Happy,2020-02-29 20:45:00,MulticulturalFestivalJoyHighSchool,Facebook,#CulturalCelebration #HighSchoolUnity,21.0,43.0,UK,2020,2,29,20,Happiness & Joy,64.0,"['#culturalcelebration', '#highschoolunity']",2,13,103,Europe
"Organizing a virtual talent show during challenging times, bringing smiles to classmates' faces!",Happy,2020-11-15 15:15:00,VirtualTalentShowSuccessHighSchool,Instagram,#VirtualEntertainment #HighSchoolPositivity,24.0,47.0,USA,2020,11,15,15,Happiness & Joy,71.0,"['#virtualentertainment', '#highschoolpositivity']",2,13,96,North America
